*All Inputs are case sensitive.  For Example:  FAM is different from Fam,,,,,,,,,,,,
*Do not change column header names and do not delete [Sample Setup].,,,,,,,,,,,,
*Minimal columns needed are:  Well and Well Position,,,,,,,,,,,,
[Sample Setup],,,,,,,,,,,,
Well,Well Position,Sample Name,Sample Color,Biogroup Name,Biogroup Color,Target Name,Target Color,Task,Reporter,Quencher,Quantity,Comments
1,A1,,,,,KPC,"RGB(176,23,31)",UNKNOWN,FAM,None,,
1,A1,,,,,NDM,"RGB(0,139,69)",UNKNOWN,ROX,None,,
1,A1,,,,,RNASE P,"RGB(238,238,0)",UNKNOWN,CY5,None,,
1,A1,,,,,VIM,"RGB(0,0,255)",UNKNOWN,VIC,None,,
25,B1,,,,,IMP,"RGB(139,137,112)",UNKNOWN,FAM,None,,
25,B1,,,,,OXA,"RGB(142,56,142)",UNKNOWN,ROX,None,,
25,B1,,,,,QNR,"RGB(238,121,66)",UNKNOWN,VIC,None,,
49,C1,,,,,MEC A/ MEC C,"RGB(0,245,255)",UNKNOWN,FAM,None,,
49,C1,,,,,VAN A,"RGB(238,220,130)",UNKNOWN,VIC,None,,
49,C1,,,,,VAN B,"RGB(255,127,0)",UNKNOWN,ROX,None,,
73,D1,,,,,BACILLUS (EC),"RGB(238,18,137)",UNKNOWN,CY5,None,,
73,D1,,,,,CTX,"RGB(51,161,201)",UNKNOWN,VIC,None,,
73,D1,,,,,DFRA,"RGB(238,18,137)",UNKNOWN,ROX,None,,
73,D1,,,,,SUL 1-2,"RGB(238,44,44)",UNKNOWN,FAM,None,,
97,E1,,,,,KPC,"RGB(176,23,31)",UNKNOWN,FAM,None,,
97,E1,,,,,NDM,"RGB(0,139,69)",UNKNOWN,ROX,None,,
97,E1,,,,,RNASE P,"RGB(238,238,0)",UNKNOWN,CY5,None,,
97,E1,,,,,VIM,"RGB(0,0,255)",UNKNOWN,VIC,None,,
121,F1,,,,,IMP,"RGB(139,137,112)",UNKNOWN,FAM,None,,
121,F1,,,,,OXA,"RGB(142,56,142)",UNKNOWN,ROX,None,,
121,F1,,,,,QNR,"RGB(238,121,66)",UNKNOWN,VIC,None,,
145,G1,,,,,MEC A/ MEC C,"RGB(0,245,255)",UNKNOWN,FAM,None,,
145,G1,,,,,VAN A,"RGB(238,220,130)",UNKNOWN,VIC,None,,
145,G1,,,,,VAN B,"RGB(255,127,0)",UNKNOWN,ROX,None,,
169,H1,,,,,BACILLUS (EC),"RGB(238,18,137)",UNKNOWN,CY5,None,,
169,H1,,,,,CTX,"RGB(51,161,201)",UNKNOWN,VIC,None,,
169,H1,,,,,DFRA,"RGB(238,18,137)",UNKNOWN,ROX,None,,
169,H1,,,,,SUL 1-2,"RGB(238,44,44)",UNKNOWN,FAM,None,,
193,I1,,,,,KPC,"RGB(176,23,31)",UNKNOWN,FAM,None,,
193,I1,,,,,NDM,"RGB(0,139,69)",UNKNOWN,ROX,None,,
193,I1,,,,,RNASE P,"RGB(238,238,0)",UNKNOWN,CY5,None,,
193,I1,,,,,VIM,"RGB(0,0,255)",UNKNOWN,VIC,None,,
217,J1,,,,,IMP,"RGB(139,137,112)",UNKNOWN,FAM,None,,
217,J1,,,,,OXA,"RGB(142,56,142)",UNKNOWN,ROX,None,,
217,J1,,,,,QNR,"RGB(238,121,66)",UNKNOWN,VIC,None,,
241,K1,,,,,MEC A/ MEC C,"RGB(0,245,255)",UNKNOWN,FAM,None,,
241,K1,,,,,VAN A,"RGB(238,220,130)",UNKNOWN,VIC,None,,
241,K1,,,,,VAN B,"RGB(255,127,0)",UNKNOWN,ROX,None,,
265,L1,,,,,BACILLUS (EC),"RGB(238,18,137)",UNKNOWN,CY5,None,,
265,L1,,,,,CTX,"RGB(51,161,201)",UNKNOWN,VIC,None,,
265,L1,,,,,DFRA,"RGB(238,18,137)",UNKNOWN,ROX,None,,
265,L1,,,,,SUL 1-2,"RGB(238,44,44)",UNKNOWN,FAM,None,,
289,M1,,,,,KPC,"RGB(176,23,31)",UNKNOWN,FAM,None,,
289,M1,,,,,NDM,"RGB(0,139,69)",UNKNOWN,ROX,None,,
289,M1,,,,,RNASE P,"RGB(238,238,0)",UNKNOWN,CY5,None,,
289,M1,,,,,VIM,"RGB(0,0,255)",UNKNOWN,VIC,None,,
313,N1,,,,,IMP,"RGB(139,137,112)",UNKNOWN,FAM,None,,
313,N1,,,,,OXA,"RGB(142,56,142)",UNKNOWN,ROX,None,,
313,N1,,,,,QNR,"RGB(238,121,66)",UNKNOWN,VIC,None,,
337,O1,,,,,MEC A/ MEC C,"RGB(0,245,255)",UNKNOWN,FAM,None,,
337,O1,,,,,VAN A,"RGB(238,220,130)",UNKNOWN,VIC,None,,
337,O1,,,,,VAN B,"RGB(255,127,0)",UNKNOWN,ROX,None,,
361,P1,,,,,BACILLUS (EC),"RGB(238,18,137)",UNKNOWN,CY5,None,,
361,P1,,,,,CTX,"RGB(51,161,201)",UNKNOWN,VIC,None,,
361,P1,,,,,DFRA,"RGB(238,18,137)",UNKNOWN,ROX,None,,
361,P1,,,,,SUL 1-2,"RGB(238,44,44)",UNKNOWN,FAM,None,,
2,A2,,,,,KPC,"RGB(176,23,31)",UNKNOWN,FAM,None,,
2,A2,,,,,NDM,"RGB(0,139,69)",UNKNOWN,ROX,None,,
2,A2,,,,,RNASE P,"RGB(238,238,0)",UNKNOWN,CY5,None,,
2,A2,,,,,VIM,"RGB(0,0,255)",UNKNOWN,VIC,None,,
26,B2,,,,,IMP,"RGB(139,137,112)",UNKNOWN,FAM,None,,
26,B2,,,,,OXA,"RGB(142,56,142)",UNKNOWN,ROX,None,,
26,B2,,,,,QNR,"RGB(238,121,66)",UNKNOWN,VIC,None,,
50,C2,,,,,MEC A/ MEC C,"RGB(0,245,255)",UNKNOWN,FAM,None,,
50,C2,,,,,VAN A,"RGB(238,220,130)",UNKNOWN,VIC,None,,
50,C2,,,,,VAN B,"RGB(255,127,0)",UNKNOWN,ROX,None,,
74,D2,,,,,BACILLUS (EC),"RGB(238,18,137)",UNKNOWN,CY5,None,,
74,D2,,,,,CTX,"RGB(51,161,201)",UNKNOWN,VIC,None,,
74,D2,,,,,DFRA,"RGB(238,18,137)",UNKNOWN,ROX,None,,
74,D2,,,,,SUL 1-2,"RGB(238,44,44)",UNKNOWN,FAM,None,,
98,E2,,,,,KPC,"RGB(176,23,31)",UNKNOWN,FAM,None,,
98,E2,,,,,NDM,"RGB(0,139,69)",UNKNOWN,ROX,None,,
98,E2,,,,,RNASE P,"RGB(238,238,0)",UNKNOWN,CY5,None,,
98,E2,,,,,VIM,"RGB(0,0,255)",UNKNOWN,VIC,None,,
122,F2,,,,,IMP,"RGB(139,137,112)",UNKNOWN,FAM,None,,
122,F2,,,,,OXA,"RGB(142,56,142)",UNKNOWN,ROX,None,,
122,F2,,,,,QNR,"RGB(238,121,66)",UNKNOWN,VIC,None,,
146,G2,,,,,MEC A/ MEC C,"RGB(0,245,255)",UNKNOWN,FAM,None,,
146,G2,,,,,VAN A,"RGB(238,220,130)",UNKNOWN,VIC,None,,
146,G2,,,,,VAN B,"RGB(255,127,0)",UNKNOWN,ROX,None,,
170,H2,,,,,BACILLUS (EC),"RGB(238,18,137)",UNKNOWN,CY5,None,,
170,H2,,,,,CTX,"RGB(51,161,201)",UNKNOWN,VIC,None,,
170,H2,,,,,DFRA,"RGB(238,18,137)",UNKNOWN,ROX,None,,
170,H2,,,,,SUL 1-2,"RGB(238,44,44)",UNKNOWN,FAM,None,,
194,I2,,,,,KPC,"RGB(176,23,31)",UNKNOWN,FAM,None,,
194,I2,,,,,NDM,"RGB(0,139,69)",UNKNOWN,ROX,None,,
194,I2,,,,,RNASE P,"RGB(238,238,0)",UNKNOWN,CY5,None,,
194,I2,,,,,VIM,"RGB(0,0,255)",UNKNOWN,VIC,None,,
218,J2,,,,,IMP,"RGB(139,137,112)",UNKNOWN,FAM,None,,
218,J2,,,,,OXA,"RGB(142,56,142)",UNKNOWN,ROX,None,,
218,J2,,,,,QNR,"RGB(238,121,66)",UNKNOWN,VIC,None,,
242,K2,,,,,MEC A/ MEC C,"RGB(0,245,255)",UNKNOWN,FAM,None,,
242,K2,,,,,VAN A,"RGB(238,220,130)",UNKNOWN,VIC,None,,
242,K2,,,,,VAN B,"RGB(255,127,0)",UNKNOWN,ROX,None,,
266,L2,,,,,BACILLUS (EC),"RGB(238,18,137)",UNKNOWN,CY5,None,,
266,L2,,,,,CTX,"RGB(51,161,201)",UNKNOWN,VIC,None,,
266,L2,,,,,DFRA,"RGB(238,18,137)",UNKNOWN,ROX,None,,
266,L2,,,,,SUL 1-2,"RGB(238,44,44)",UNKNOWN,FAM,None,,
290,M2,,,,,KPC,"RGB(176,23,31)",UNKNOWN,FAM,None,,
290,M2,,,,,NDM,"RGB(0,139,69)",UNKNOWN,ROX,None,,
290,M2,,,,,RNASE P,"RGB(238,238,0)",UNKNOWN,CY5,None,,
290,M2,,,,,VIM,"RGB(0,0,255)",UNKNOWN,VIC,None,,
314,N2,,,,,IMP,"RGB(139,137,112)",UNKNOWN,FAM,None,,
314,N2,,,,,OXA,"RGB(142,56,142)",UNKNOWN,ROX,None,,
314,N2,,,,,QNR,"RGB(238,121,66)",UNKNOWN,VIC,None,,
338,O2,,,,,MEC A/ MEC C,"RGB(0,245,255)",UNKNOWN,FAM,None,,
338,O2,,,,,VAN A,"RGB(238,220,130)",UNKNOWN,VIC,None,,
338,O2,,,,,VAN B,"RGB(255,127,0)",UNKNOWN,ROX,None,,
362,P2,,,,,BACILLUS (EC),"RGB(238,18,137)",UNKNOWN,CY5,None,,
362,P2,,,,,CTX,"RGB(51,161,201)",UNKNOWN,VIC,None,,
362,P2,,,,,DFRA,"RGB(238,18,137)",UNKNOWN,ROX,None,,
362,P2,,,,,SUL 1-2,"RGB(238,44,44)",UNKNOWN,FAM,None,,
3,A3,,,,,KPC,"RGB(176,23,31)",UNKNOWN,FAM,None,,
3,A3,,,,,NDM,"RGB(0,139,69)",UNKNOWN,ROX,None,,
3,A3,,,,,RNASE P,"RGB(238,238,0)",UNKNOWN,CY5,None,,
3,A3,,,,,VIM,"RGB(0,0,255)",UNKNOWN,VIC,None,,
27,B3,,,,,IMP,"RGB(139,137,112)",UNKNOWN,FAM,None,,
27,B3,,,,,OXA,"RGB(142,56,142)",UNKNOWN,ROX,None,,
27,B3,,,,,QNR,"RGB(238,121,66)",UNKNOWN,VIC,None,,
51,C3,,,,,MEC A/ MEC C,"RGB(0,245,255)",UNKNOWN,FAM,None,,
51,C3,,,,,VAN A,"RGB(238,220,130)",UNKNOWN,VIC,None,,
51,C3,,,,,VAN B,"RGB(255,127,0)",UNKNOWN,ROX,None,,
75,D3,,,,,BACILLUS (EC),"RGB(238,18,137)",UNKNOWN,CY5,None,,
75,D3,,,,,CTX,"RGB(51,161,201)",UNKNOWN,VIC,None,,
75,D3,,,,,DFRA,"RGB(238,18,137)",UNKNOWN,ROX,None,,
75,D3,,,,,SUL 1-2,"RGB(238,44,44)",UNKNOWN,FAM,None,,
99,E3,,,,,KPC,"RGB(176,23,31)",UNKNOWN,FAM,None,,
99,E3,,,,,NDM,"RGB(0,139,69)",UNKNOWN,ROX,None,,
99,E3,,,,,RNASE P,"RGB(238,238,0)",UNKNOWN,CY5,None,,
99,E3,,,,,VIM,"RGB(0,0,255)",UNKNOWN,VIC,None,,
123,F3,,,,,IMP,"RGB(139,137,112)",UNKNOWN,FAM,None,,
123,F3,,,,,OXA,"RGB(142,56,142)",UNKNOWN,ROX,None,,
123,F3,,,,,QNR,"RGB(238,121,66)",UNKNOWN,VIC,None,,
147,G3,,,,,MEC A/ MEC C,"RGB(0,245,255)",UNKNOWN,FAM,None,,
147,G3,,,,,VAN A,"RGB(238,220,130)",UNKNOWN,VIC,None,,
147,G3,,,,,VAN B,"RGB(255,127,0)",UNKNOWN,ROX,None,,
171,H3,,,,,BACILLUS (EC),"RGB(238,18,137)",UNKNOWN,CY5,None,,
171,H3,,,,,CTX,"RGB(51,161,201)",UNKNOWN,VIC,None,,
171,H3,,,,,DFRA,"RGB(238,18,137)",UNKNOWN,ROX,None,,
171,H3,,,,,SUL 1-2,"RGB(238,44,44)",UNKNOWN,FAM,None,,
195,I3,,,,,KPC,"RGB(176,23,31)",UNKNOWN,FAM,None,,
195,I3,,,,,NDM,"RGB(0,139,69)",UNKNOWN,ROX,None,,
195,I3,,,,,RNASE P,"RGB(238,238,0)",UNKNOWN,CY5,None,,
195,I3,,,,,VIM,"RGB(0,0,255)",UNKNOWN,VIC,None,,
219,J3,,,,,IMP,"RGB(139,137,112)",UNKNOWN,FAM,None,,
219,J3,,,,,OXA,"RGB(142,56,142)",UNKNOWN,ROX,None,,
219,J3,,,,,QNR,"RGB(238,121,66)",UNKNOWN,VIC,None,,
243,K3,,,,,MEC A/ MEC C,"RGB(0,245,255)",UNKNOWN,FAM,None,,
243,K3,,,,,VAN A,"RGB(238,220,130)",UNKNOWN,VIC,None,,
243,K3,,,,,VAN B,"RGB(255,127,0)",UNKNOWN,ROX,None,,
267,L3,,,,,BACILLUS (EC),"RGB(238,18,137)",UNKNOWN,CY5,None,,
267,L3,,,,,CTX,"RGB(51,161,201)",UNKNOWN,VIC,None,,
267,L3,,,,,DFRA,"RGB(238,18,137)",UNKNOWN,ROX,None,,
267,L3,,,,,SUL 1-2,"RGB(238,44,44)",UNKNOWN,FAM,None,,
291,M3,,,,,KPC,"RGB(176,23,31)",UNKNOWN,FAM,None,,
291,M3,,,,,NDM,"RGB(0,139,69)",UNKNOWN,ROX,None,,
291,M3,,,,,RNASE P,"RGB(238,238,0)",UNKNOWN,CY5,None,,
291,M3,,,,,VIM,"RGB(0,0,255)",UNKNOWN,VIC,None,,
315,N3,,,,,IMP,"RGB(139,137,112)",UNKNOWN,FAM,None,,
315,N3,,,,,OXA,"RGB(142,56,142)",UNKNOWN,ROX,None,,
315,N3,,,,,QNR,"RGB(238,121,66)",UNKNOWN,VIC,None,,
339,O3,,,,,MEC A/ MEC C,"RGB(0,245,255)",UNKNOWN,FAM,None,,
339,O3,,,,,VAN A,"RGB(238,220,130)",UNKNOWN,VIC,None,,
339,O3,,,,,VAN B,"RGB(255,127,0)",UNKNOWN,ROX,None,,
363,P3,,,,,BACILLUS (EC),"RGB(238,18,137)",UNKNOWN,CY5,None,,
363,P3,,,,,CTX,"RGB(51,161,201)",UNKNOWN,VIC,None,,
363,P3,,,,,DFRA,"RGB(238,18,137)",UNKNOWN,ROX,None,,
363,P3,,,,,SUL 1-2,"RGB(238,44,44)",UNKNOWN,FAM,None,,
4,A4,,,,,KPC,"RGB(176,23,31)",UNKNOWN,FAM,None,,
4,A4,,,,,NDM,"RGB(0,139,69)",UNKNOWN,ROX,None,,
4,A4,,,,,RNASE P,"RGB(238,238,0)",UNKNOWN,CY5,None,,
4,A4,,,,,VIM,"RGB(0,0,255)",UNKNOWN,VIC,None,,
28,B4,,,,,IMP,"RGB(139,137,112)",UNKNOWN,FAM,None,,
28,B4,,,,,OXA,"RGB(142,56,142)",UNKNOWN,ROX,None,,
28,B4,,,,,QNR,"RGB(238,121,66)",UNKNOWN,VIC,None,,
52,C4,,,,,MEC A/ MEC C,"RGB(0,245,255)",UNKNOWN,FAM,None,,
52,C4,,,,,VAN A,"RGB(238,220,130)",UNKNOWN,VIC,None,,
52,C4,,,,,VAN B,"RGB(255,127,0)",UNKNOWN,ROX,None,,
76,D4,,,,,BACILLUS (EC),"RGB(238,18,137)",UNKNOWN,CY5,None,,
76,D4,,,,,CTX,"RGB(51,161,201)",UNKNOWN,VIC,None,,
76,D4,,,,,DFRA,"RGB(238,18,137)",UNKNOWN,ROX,None,,
76,D4,,,,,SUL 1-2,"RGB(238,44,44)",UNKNOWN,FAM,None,,
100,E4,,,,,KPC,"RGB(176,23,31)",UNKNOWN,FAM,None,,
100,E4,,,,,NDM,"RGB(0,139,69)",UNKNOWN,ROX,None,,
100,E4,,,,,RNASE P,"RGB(238,238,0)",UNKNOWN,CY5,None,,
100,E4,,,,,VIM,"RGB(0,0,255)",UNKNOWN,VIC,None,,
124,F4,,,,,IMP,"RGB(139,137,112)",UNKNOWN,FAM,None,,
124,F4,,,,,OXA,"RGB(142,56,142)",UNKNOWN,ROX,None,,
124,F4,,,,,QNR,"RGB(238,121,66)",UNKNOWN,VIC,None,,
148,G4,,,,,MEC A/ MEC C,"RGB(0,245,255)",UNKNOWN,FAM,None,,
148,G4,,,,,VAN A,"RGB(238,220,130)",UNKNOWN,VIC,None,,
148,G4,,,,,VAN B,"RGB(255,127,0)",UNKNOWN,ROX,None,,
172,H4,,,,,BACILLUS (EC),"RGB(238,18,137)",UNKNOWN,CY5,None,,
172,H4,,,,,CTX,"RGB(51,161,201)",UNKNOWN,VIC,None,,
172,H4,,,,,DFRA,"RGB(238,18,137)",UNKNOWN,ROX,None,,
172,H4,,,,,SUL 1-2,"RGB(238,44,44)",UNKNOWN,FAM,None,,
196,I4,,,,,KPC,"RGB(176,23,31)",UNKNOWN,FAM,None,,
196,I4,,,,,NDM,"RGB(0,139,69)",UNKNOWN,ROX,None,,
196,I4,,,,,RNASE P,"RGB(238,238,0)",UNKNOWN,CY5,None,,
196,I4,,,,,VIM,"RGB(0,0,255)",UNKNOWN,VIC,None,,
220,J4,,,,,IMP,"RGB(139,137,112)",UNKNOWN,FAM,None,,
220,J4,,,,,OXA,"RGB(142,56,142)",UNKNOWN,ROX,None,,
220,J4,,,,,QNR,"RGB(238,121,66)",UNKNOWN,VIC,None,,
244,K4,,,,,MEC A/ MEC C,"RGB(0,245,255)",UNKNOWN,FAM,None,,
244,K4,,,,,VAN A,"RGB(238,220,130)",UNKNOWN,VIC,None,,
244,K4,,,,,VAN B,"RGB(255,127,0)",UNKNOWN,ROX,None,,
268,L4,,,,,BACILLUS (EC),"RGB(238,18,137)",UNKNOWN,CY5,None,,
268,L4,,,,,CTX,"RGB(51,161,201)",UNKNOWN,VIC,None,,
268,L4,,,,,DFRA,"RGB(238,18,137)",UNKNOWN,ROX,None,,
268,L4,,,,,SUL 1-2,"RGB(238,44,44)",UNKNOWN,FAM,None,,
292,M4,,,,,KPC,"RGB(176,23,31)",UNKNOWN,FAM,None,,
292,M4,,,,,NDM,"RGB(0,139,69)",UNKNOWN,ROX,None,,
292,M4,,,,,RNASE P,"RGB(238,238,0)",UNKNOWN,CY5,None,,
292,M4,,,,,VIM,"RGB(0,0,255)",UNKNOWN,VIC,None,,
316,N4,,,,,IMP,"RGB(139,137,112)",UNKNOWN,FAM,None,,
316,N4,,,,,OXA,"RGB(142,56,142)",UNKNOWN,ROX,None,,
316,N4,,,,,QNR,"RGB(238,121,66)",UNKNOWN,VIC,None,,
340,O4,,,,,MEC A/ MEC C,"RGB(0,245,255)",UNKNOWN,FAM,None,,
340,O4,,,,,VAN A,"RGB(238,220,130)",UNKNOWN,VIC,None,,
340,O4,,,,,VAN B,"RGB(255,127,0)",UNKNOWN,ROX,None,,
364,P4,,,,,BACILLUS (EC),"RGB(238,18,137)",UNKNOWN,CY5,None,,
364,P4,,,,,CTX,"RGB(51,161,201)",UNKNOWN,VIC,None,,
364,P4,,,,,DFRA,"RGB(238,18,137)",UNKNOWN,ROX,None,,
364,P4,,,,,SUL 1-2,"RGB(238,44,44)",UNKNOWN,FAM,None,,
5,A5,,,,,KPC,"RGB(176,23,31)",UNKNOWN,FAM,None,,
5,A5,,,,,NDM,"RGB(0,139,69)",UNKNOWN,ROX,None,,
5,A5,,,,,RNASE P,"RGB(238,238,0)",UNKNOWN,CY5,None,,
5,A5,,,,,VIM,"RGB(0,0,255)",UNKNOWN,VIC,None,,
29,B5,,,,,IMP,"RGB(139,137,112)",UNKNOWN,FAM,None,,
29,B5,,,,,OXA,"RGB(142,56,142)",UNKNOWN,ROX,None,,
29,B5,,,,,QNR,"RGB(238,121,66)",UNKNOWN,VIC,None,,
53,C5,,,,,MEC A/ MEC C,"RGB(0,245,255)",UNKNOWN,FAM,None,,
53,C5,,,,,VAN A,"RGB(238,220,130)",UNKNOWN,VIC,None,,
53,C5,,,,,VAN B,"RGB(255,127,0)",UNKNOWN,ROX,None,,
77,D5,,,,,BACILLUS (EC),"RGB(238,18,137)",UNKNOWN,CY5,None,,
77,D5,,,,,CTX,"RGB(51,161,201)",UNKNOWN,VIC,None,,
77,D5,,,,,DFRA,"RGB(238,18,137)",UNKNOWN,ROX,None,,
77,D5,,,,,SUL 1-2,"RGB(238,44,44)",UNKNOWN,FAM,None,,
101,E5,,,,,KPC,"RGB(176,23,31)",UNKNOWN,FAM,None,,
101,E5,,,,,NDM,"RGB(0,139,69)",UNKNOWN,ROX,None,,
101,E5,,,,,RNASE P,"RGB(238,238,0)",UNKNOWN,CY5,None,,
101,E5,,,,,VIM,"RGB(0,0,255)",UNKNOWN,VIC,None,,
125,F5,,,,,IMP,"RGB(139,137,112)",UNKNOWN,FAM,None,,
125,F5,,,,,OXA,"RGB(142,56,142)",UNKNOWN,ROX,None,,
125,F5,,,,,QNR,"RGB(238,121,66)",UNKNOWN,VIC,None,,
149,G5,,,,,MEC A/ MEC C,"RGB(0,245,255)",UNKNOWN,FAM,None,,
149,G5,,,,,VAN A,"RGB(238,220,130)",UNKNOWN,VIC,None,,
149,G5,,,,,VAN B,"RGB(255,127,0)",UNKNOWN,ROX,None,,
173,H5,,,,,BACILLUS (EC),"RGB(238,18,137)",UNKNOWN,CY5,None,,
173,H5,,,,,CTX,"RGB(51,161,201)",UNKNOWN,VIC,None,,
173,H5,,,,,DFRA,"RGB(238,18,137)",UNKNOWN,ROX,None,,
173,H5,,,,,SUL 1-2,"RGB(238,44,44)",UNKNOWN,FAM,None,,
197,I5,,,,,KPC,"RGB(176,23,31)",UNKNOWN,FAM,None,,
197,I5,,,,,NDM,"RGB(0,139,69)",UNKNOWN,ROX,None,,
197,I5,,,,,RNASE P,"RGB(238,238,0)",UNKNOWN,CY5,None,,
197,I5,,,,,VIM,"RGB(0,0,255)",UNKNOWN,VIC,None,,
221,J5,,,,,IMP,"RGB(139,137,112)",UNKNOWN,FAM,None,,
221,J5,,,,,OXA,"RGB(142,56,142)",UNKNOWN,ROX,None,,
221,J5,,,,,QNR,"RGB(238,121,66)",UNKNOWN,VIC,None,,
245,K5,,,,,MEC A/ MEC C,"RGB(0,245,255)",UNKNOWN,FAM,None,,
245,K5,,,,,VAN A,"RGB(238,220,130)",UNKNOWN,VIC,None,,
245,K5,,,,,VAN B,"RGB(255,127,0)",UNKNOWN,ROX,None,,
269,L5,,,,,BACILLUS (EC),"RGB(238,18,137)",UNKNOWN,CY5,None,,
269,L5,,,,,CTX,"RGB(51,161,201)",UNKNOWN,VIC,None,,
269,L5,,,,,DFRA,"RGB(238,18,137)",UNKNOWN,ROX,None,,
269,L5,,,,,SUL 1-2,"RGB(238,44,44)",UNKNOWN,FAM,None,,
293,M5,,,,,KPC,"RGB(176,23,31)",UNKNOWN,FAM,None,,
293,M5,,,,,NDM,"RGB(0,139,69)",UNKNOWN,ROX,None,,
293,M5,,,,,RNASE P,"RGB(238,238,0)",UNKNOWN,CY5,None,,
293,M5,,,,,VIM,"RGB(0,0,255)",UNKNOWN,VIC,None,,
317,N5,,,,,IMP,"RGB(139,137,112)",UNKNOWN,FAM,None,,
317,N5,,,,,OXA,"RGB(142,56,142)",UNKNOWN,ROX,None,,
317,N5,,,,,QNR,"RGB(238,121,66)",UNKNOWN,VIC,None,,
341,O5,,,,,MEC A/ MEC C,"RGB(0,245,255)",UNKNOWN,FAM,None,,
341,O5,,,,,VAN A,"RGB(238,220,130)",UNKNOWN,VIC,None,,
341,O5,,,,,VAN B,"RGB(255,127,0)",UNKNOWN,ROX,None,,
365,P5,,,,,BACILLUS (EC),"RGB(238,18,137)",UNKNOWN,CY5,None,,
365,P5,,,,,CTX,"RGB(51,161,201)",UNKNOWN,VIC,None,,
365,P5,,,,,DFRA,"RGB(238,18,137)",UNKNOWN,ROX,None,,
365,P5,,,,,SUL 1-2,"RGB(238,44,44)",UNKNOWN,FAM,None,,
6,A6,,,,,KPC,"RGB(176,23,31)",UNKNOWN,FAM,None,,
6,A6,,,,,NDM,"RGB(0,139,69)",UNKNOWN,ROX,None,,
6,A6,,,,,RNASE P,"RGB(238,238,0)",UNKNOWN,CY5,None,,
6,A6,,,,,VIM,"RGB(0,0,255)",UNKNOWN,VIC,None,,
30,B6,,,,,IMP,"RGB(139,137,112)",UNKNOWN,FAM,None,,
30,B6,,,,,OXA,"RGB(142,56,142)",UNKNOWN,ROX,None,,
30,B6,,,,,QNR,"RGB(238,121,66)",UNKNOWN,VIC,None,,
54,C6,,,,,MEC A/ MEC C,"RGB(0,245,255)",UNKNOWN,FAM,None,,
54,C6,,,,,VAN A,"RGB(238,220,130)",UNKNOWN,VIC,None,,
54,C6,,,,,VAN B,"RGB(255,127,0)",UNKNOWN,ROX,None,,
78,D6,,,,,BACILLUS (EC),"RGB(238,18,137)",UNKNOWN,CY5,None,,
78,D6,,,,,CTX,"RGB(51,161,201)",UNKNOWN,VIC,None,,
78,D6,,,,,DFRA,"RGB(238,18,137)",UNKNOWN,ROX,None,,
78,D6,,,,,SUL 1-2,"RGB(238,44,44)",UNKNOWN,FAM,None,,
102,E6,,,,,KPC,"RGB(176,23,31)",UNKNOWN,FAM,None,,
102,E6,,,,,NDM,"RGB(0,139,69)",UNKNOWN,ROX,None,,
102,E6,,,,,RNASE P,"RGB(238,238,0)",UNKNOWN,CY5,None,,
102,E6,,,,,VIM,"RGB(0,0,255)",UNKNOWN,VIC,None,,
126,F6,,,,,IMP,"RGB(139,137,112)",UNKNOWN,FAM,None,,
126,F6,,,,,OXA,"RGB(142,56,142)",UNKNOWN,ROX,None,,
126,F6,,,,,QNR,"RGB(238,121,66)",UNKNOWN,VIC,None,,
150,G6,,,,,MEC A/ MEC C,"RGB(0,245,255)",UNKNOWN,FAM,None,,
150,G6,,,,,VAN A,"RGB(238,220,130)",UNKNOWN,VIC,None,,
150,G6,,,,,VAN B,"RGB(255,127,0)",UNKNOWN,ROX,None,,
174,H6,,,,,BACILLUS (EC),"RGB(238,18,137)",UNKNOWN,CY5,None,,
174,H6,,,,,CTX,"RGB(51,161,201)",UNKNOWN,VIC,None,,
174,H6,,,,,DFRA,"RGB(238,18,137)",UNKNOWN,ROX,None,,
174,H6,,,,,SUL 1-2,"RGB(238,44,44)",UNKNOWN,FAM,None,,
198,I6,,,,,KPC,"RGB(176,23,31)",UNKNOWN,FAM,None,,
198,I6,,,,,NDM,"RGB(0,139,69)",UNKNOWN,ROX,None,,
198,I6,,,,,RNASE P,"RGB(238,238,0)",UNKNOWN,CY5,None,,
198,I6,,,,,VIM,"RGB(0,0,255)",UNKNOWN,VIC,None,,
222,J6,,,,,IMP,"RGB(139,137,112)",UNKNOWN,FAM,None,,
222,J6,,,,,OXA,"RGB(142,56,142)",UNKNOWN,ROX,None,,
222,J6,,,,,QNR,"RGB(238,121,66)",UNKNOWN,VIC,None,,
246,K6,,,,,MEC A/ MEC C,"RGB(0,245,255)",UNKNOWN,FAM,None,,
246,K6,,,,,VAN A,"RGB(238,220,130)",UNKNOWN,VIC,None,,
246,K6,,,,,VAN B,"RGB(255,127,0)",UNKNOWN,ROX,None,,
270,L6,,,,,BACILLUS (EC),"RGB(238,18,137)",UNKNOWN,CY5,None,,
270,L6,,,,,CTX,"RGB(51,161,201)",UNKNOWN,VIC,None,,
270,L6,,,,,DFRA,"RGB(238,18,137)",UNKNOWN,ROX,None,,
270,L6,,,,,SUL 1-2,"RGB(238,44,44)",UNKNOWN,FAM,None,,
294,M6,,,,,KPC,"RGB(176,23,31)",UNKNOWN,FAM,None,,
294,M6,,,,,NDM,"RGB(0,139,69)",UNKNOWN,ROX,None,,
294,M6,,,,,RNASE P,"RGB(238,238,0)",UNKNOWN,CY5,None,,
294,M6,,,,,VIM,"RGB(0,0,255)",UNKNOWN,VIC,None,,
318,N6,,,,,IMP,"RGB(139,137,112)",UNKNOWN,FAM,None,,
318,N6,,,,,OXA,"RGB(142,56,142)",UNKNOWN,ROX,None,,
318,N6,,,,,QNR,"RGB(238,121,66)",UNKNOWN,VIC,None,,
342,O6,,,,,MEC A/ MEC C,"RGB(0,245,255)",UNKNOWN,FAM,None,,
342,O6,,,,,VAN A,"RGB(238,220,130)",UNKNOWN,VIC,None,,
342,O6,,,,,VAN B,"RGB(255,127,0)",UNKNOWN,ROX,None,,
366,P6,,,,,BACILLUS (EC),"RGB(238,18,137)",UNKNOWN,CY5,None,,
366,P6,,,,,CTX,"RGB(51,161,201)",UNKNOWN,VIC,None,,
366,P6,,,,,DFRA,"RGB(238,18,137)",UNKNOWN,ROX,None,,
366,P6,,,,,SUL 1-2,"RGB(238,44,44)",UNKNOWN,FAM,None,,
7,A7,,,,,KPC,"RGB(176,23,31)",UNKNOWN,FAM,None,,
7,A7,,,,,NDM,"RGB(0,139,69)",UNKNOWN,ROX,None,,
7,A7,,,,,RNASE P,"RGB(238,238,0)",UNKNOWN,CY5,None,,
7,A7,,,,,VIM,"RGB(0,0,255)",UNKNOWN,VIC,None,,
31,B7,,,,,IMP,"RGB(139,137,112)",UNKNOWN,FAM,None,,
31,B7,,,,,OXA,"RGB(142,56,142)",UNKNOWN,ROX,None,,
31,B7,,,,,QNR,"RGB(238,121,66)",UNKNOWN,VIC,None,,
55,C7,,,,,MEC A/ MEC C,"RGB(0,245,255)",UNKNOWN,FAM,None,,
55,C7,,,,,VAN A,"RGB(238,220,130)",UNKNOWN,VIC,None,,
55,C7,,,,,VAN B,"RGB(255,127,0)",UNKNOWN,ROX,None,,
79,D7,,,,,BACILLUS (EC),"RGB(238,18,137)",UNKNOWN,CY5,None,,
79,D7,,,,,CTX,"RGB(51,161,201)",UNKNOWN,VIC,None,,
79,D7,,,,,DFRA,"RGB(238,18,137)",UNKNOWN,ROX,None,,
79,D7,,,,,SUL 1-2,"RGB(238,44,44)",UNKNOWN,FAM,None,,
103,E7,,,,,KPC,"RGB(176,23,31)",UNKNOWN,FAM,None,,
103,E7,,,,,NDM,"RGB(0,139,69)",UNKNOWN,ROX,None,,
103,E7,,,,,RNASE P,"RGB(238,238,0)",UNKNOWN,CY5,None,,
103,E7,,,,,VIM,"RGB(0,0,255)",UNKNOWN,VIC,None,,
127,F7,,,,,IMP,"RGB(139,137,112)",UNKNOWN,FAM,None,,
127,F7,,,,,OXA,"RGB(142,56,142)",UNKNOWN,ROX,None,,
127,F7,,,,,QNR,"RGB(238,121,66)",UNKNOWN,VIC,None,,
151,G7,,,,,MEC A/ MEC C,"RGB(0,245,255)",UNKNOWN,FAM,None,,
151,G7,,,,,VAN A,"RGB(238,220,130)",UNKNOWN,VIC,None,,
151,G7,,,,,VAN B,"RGB(255,127,0)",UNKNOWN,ROX,None,,
175,H7,,,,,BACILLUS (EC),"RGB(238,18,137)",UNKNOWN,CY5,None,,
175,H7,,,,,CTX,"RGB(51,161,201)",UNKNOWN,VIC,None,,
175,H7,,,,,DFRA,"RGB(238,18,137)",UNKNOWN,ROX,None,,
175,H7,,,,,SUL 1-2,"RGB(238,44,44)",UNKNOWN,FAM,None,,
199,I7,,,,,KPC,"RGB(176,23,31)",UNKNOWN,FAM,None,,
199,I7,,,,,NDM,"RGB(0,139,69)",UNKNOWN,ROX,None,,
199,I7,,,,,RNASE P,"RGB(238,238,0)",UNKNOWN,CY5,None,,
199,I7,,,,,VIM,"RGB(0,0,255)",UNKNOWN,VIC,None,,
223,J7,,,,,IMP,"RGB(139,137,112)",UNKNOWN,FAM,None,,
223,J7,,,,,OXA,"RGB(142,56,142)",UNKNOWN,ROX,None,,
223,J7,,,,,QNR,"RGB(238,121,66)",UNKNOWN,VIC,None,,
247,K7,,,,,MEC A/ MEC C,"RGB(0,245,255)",UNKNOWN,FAM,None,,
247,K7,,,,,VAN A,"RGB(238,220,130)",UNKNOWN,VIC,None,,
247,K7,,,,,VAN B,"RGB(255,127,0)",UNKNOWN,ROX,None,,
271,L7,,,,,BACILLUS (EC),"RGB(238,18,137)",UNKNOWN,CY5,None,,
271,L7,,,,,CTX,"RGB(51,161,201)",UNKNOWN,VIC,None,,
271,L7,,,,,DFRA,"RGB(238,18,137)",UNKNOWN,ROX,None,,
271,L7,,,,,SUL 1-2,"RGB(238,44,44)",UNKNOWN,FAM,None,,
295,M7,,,,,KPC,"RGB(176,23,31)",UNKNOWN,FAM,None,,
295,M7,,,,,NDM,"RGB(0,139,69)",UNKNOWN,ROX,None,,
295,M7,,,,,RNASE P,"RGB(238,238,0)",UNKNOWN,CY5,None,,
295,M7,,,,,VIM,"RGB(0,0,255)",UNKNOWN,VIC,None,,
319,N7,,,,,IMP,"RGB(139,137,112)",UNKNOWN,FAM,None,,
319,N7,,,,,OXA,"RGB(142,56,142)",UNKNOWN,ROX,None,,
319,N7,,,,,QNR,"RGB(238,121,66)",UNKNOWN,VIC,None,,
343,O7,,,,,MEC A/ MEC C,"RGB(0,245,255)",UNKNOWN,FAM,None,,
343,O7,,,,,VAN A,"RGB(238,220,130)",UNKNOWN,VIC,None,,
343,O7,,,,,VAN B,"RGB(255,127,0)",UNKNOWN,ROX,None,,
367,P7,,,,,BACILLUS (EC),"RGB(238,18,137)",UNKNOWN,CY5,None,,
367,P7,,,,,CTX,"RGB(51,161,201)",UNKNOWN,VIC,None,,
367,P7,,,,,DFRA,"RGB(238,18,137)",UNKNOWN,ROX,None,,
367,P7,,,,,SUL 1-2,"RGB(238,44,44)",UNKNOWN,FAM,None,,
8,A8,,,,,KPC,"RGB(176,23,31)",UNKNOWN,FAM,None,,
8,A8,,,,,NDM,"RGB(0,139,69)",UNKNOWN,ROX,None,,
8,A8,,,,,RNASE P,"RGB(238,238,0)",UNKNOWN,CY5,None,,
8,A8,,,,,VIM,"RGB(0,0,255)",UNKNOWN,VIC,None,,
32,B8,,,,,IMP,"RGB(139,137,112)",UNKNOWN,FAM,None,,
32,B8,,,,,OXA,"RGB(142,56,142)",UNKNOWN,ROX,None,,
32,B8,,,,,QNR,"RGB(238,121,66)",UNKNOWN,VIC,None,,
56,C8,,,,,MEC A/ MEC C,"RGB(0,245,255)",UNKNOWN,FAM,None,,
56,C8,,,,,VAN A,"RGB(238,220,130)",UNKNOWN,VIC,None,,
56,C8,,,,,VAN B,"RGB(255,127,0)",UNKNOWN,ROX,None,,
80,D8,,,,,BACILLUS (EC),"RGB(238,18,137)",UNKNOWN,CY5,None,,
80,D8,,,,,CTX,"RGB(51,161,201)",UNKNOWN,VIC,None,,
80,D8,,,,,DFRA,"RGB(238,18,137)",UNKNOWN,ROX,None,,
80,D8,,,,,SUL 1-2,"RGB(238,44,44)",UNKNOWN,FAM,None,,
104,E8,,,,,KPC,"RGB(176,23,31)",UNKNOWN,FAM,None,,
104,E8,,,,,NDM,"RGB(0,139,69)",UNKNOWN,ROX,None,,
104,E8,,,,,RNASE P,"RGB(238,238,0)",UNKNOWN,CY5,None,,
104,E8,,,,,VIM,"RGB(0,0,255)",UNKNOWN,VIC,None,,
128,F8,,,,,IMP,"RGB(139,137,112)",UNKNOWN,FAM,None,,
128,F8,,,,,OXA,"RGB(142,56,142)",UNKNOWN,ROX,None,,
128,F8,,,,,QNR,"RGB(238,121,66)",UNKNOWN,VIC,None,,
152,G8,,,,,MEC A/ MEC C,"RGB(0,245,255)",UNKNOWN,FAM,None,,
152,G8,,,,,VAN A,"RGB(238,220,130)",UNKNOWN,VIC,None,,
152,G8,,,,,VAN B,"RGB(255,127,0)",UNKNOWN,ROX,None,,
176,H8,,,,,BACILLUS (EC),"RGB(238,18,137)",UNKNOWN,CY5,None,,
176,H8,,,,,CTX,"RGB(51,161,201)",UNKNOWN,VIC,None,,
176,H8,,,,,DFRA,"RGB(238,18,137)",UNKNOWN,ROX,None,,
176,H8,,,,,SUL 1-2,"RGB(238,44,44)",UNKNOWN,FAM,None,,
200,I8,,,,,KPC,"RGB(176,23,31)",UNKNOWN,FAM,None,,
200,I8,,,,,NDM,"RGB(0,139,69)",UNKNOWN,ROX,None,,
200,I8,,,,,RNASE P,"RGB(238,238,0)",UNKNOWN,CY5,None,,
200,I8,,,,,VIM,"RGB(0,0,255)",UNKNOWN,VIC,None,,
224,J8,,,,,IMP,"RGB(139,137,112)",UNKNOWN,FAM,None,,
224,J8,,,,,OXA,"RGB(142,56,142)",UNKNOWN,ROX,None,,
224,J8,,,,,QNR,"RGB(238,121,66)",UNKNOWN,VIC,None,,
248,K8,,,,,MEC A/ MEC C,"RGB(0,245,255)",UNKNOWN,FAM,None,,
248,K8,,,,,VAN A,"RGB(238,220,130)",UNKNOWN,VIC,None,,
248,K8,,,,,VAN B,"RGB(255,127,0)",UNKNOWN,ROX,None,,
272,L8,,,,,BACILLUS (EC),"RGB(238,18,137)",UNKNOWN,CY5,None,,
272,L8,,,,,CTX,"RGB(51,161,201)",UNKNOWN,VIC,None,,
272,L8,,,,,DFRA,"RGB(238,18,137)",UNKNOWN,ROX,None,,
272,L8,,,,,SUL 1-2,"RGB(238,44,44)",UNKNOWN,FAM,None,,
296,M8,,,,,KPC,"RGB(176,23,31)",UNKNOWN,FAM,None,,
296,M8,,,,,NDM,"RGB(0,139,69)",UNKNOWN,ROX,None,,
296,M8,,,,,RNASE P,"RGB(238,238,0)",UNKNOWN,CY5,None,,
296,M8,,,,,VIM,"RGB(0,0,255)",UNKNOWN,VIC,None,,
320,N8,,,,,IMP,"RGB(139,137,112)",UNKNOWN,FAM,None,,
320,N8,,,,,OXA,"RGB(142,56,142)",UNKNOWN,ROX,None,,
320,N8,,,,,QNR,"RGB(238,121,66)",UNKNOWN,VIC,None,,
344,O8,,,,,MEC A/ MEC C,"RGB(0,245,255)",UNKNOWN,FAM,None,,
344,O8,,,,,VAN A,"RGB(238,220,130)",UNKNOWN,VIC,None,,
344,O8,,,,,VAN B,"RGB(255,127,0)",UNKNOWN,ROX,None,,
368,P8,,,,,BACILLUS (EC),"RGB(238,18,137)",UNKNOWN,CY5,None,,
368,P8,,,,,CTX,"RGB(51,161,201)",UNKNOWN,VIC,None,,
368,P8,,,,,DFRA,"RGB(238,18,137)",UNKNOWN,ROX,None,,
368,P8,,,,,SUL 1-2,"RGB(238,44,44)",UNKNOWN,FAM,None,,
9,A9,,,,,KPC,"RGB(176,23,31)",UNKNOWN,FAM,None,,
9,A9,,,,,NDM,"RGB(0,139,69)",UNKNOWN,ROX,None,,
9,A9,,,,,RNASE P,"RGB(238,238,0)",UNKNOWN,CY5,None,,
9,A9,,,,,VIM,"RGB(0,0,255)",UNKNOWN,VIC,None,,
33,B9,,,,,IMP,"RGB(139,137,112)",UNKNOWN,FAM,None,,
33,B9,,,,,OXA,"RGB(142,56,142)",UNKNOWN,ROX,None,,
33,B9,,,,,QNR,"RGB(238,121,66)",UNKNOWN,VIC,None,,
57,C9,,,,,MEC A/ MEC C,"RGB(0,245,255)",UNKNOWN,FAM,None,,
57,C9,,,,,VAN A,"RGB(238,220,130)",UNKNOWN,VIC,None,,
57,C9,,,,,VAN B,"RGB(255,127,0)",UNKNOWN,ROX,None,,
81,D9,,,,,BACILLUS (EC),"RGB(238,18,137)",UNKNOWN,CY5,None,,
81,D9,,,,,CTX,"RGB(51,161,201)",UNKNOWN,VIC,None,,
81,D9,,,,,DFRA,"RGB(238,18,137)",UNKNOWN,ROX,None,,
81,D9,,,,,SUL 1-2,"RGB(238,44,44)",UNKNOWN,FAM,None,,
105,E9,,,,,KPC,"RGB(176,23,31)",UNKNOWN,FAM,None,,
105,E9,,,,,NDM,"RGB(0,139,69)",UNKNOWN,ROX,None,,
105,E9,,,,,RNASE P,"RGB(238,238,0)",UNKNOWN,CY5,None,,
105,E9,,,,,VIM,"RGB(0,0,255)",UNKNOWN,VIC,None,,
129,F9,,,,,IMP,"RGB(139,137,112)",UNKNOWN,FAM,None,,
129,F9,,,,,OXA,"RGB(142,56,142)",UNKNOWN,ROX,None,,
129,F9,,,,,QNR,"RGB(238,121,66)",UNKNOWN,VIC,None,,
153,G9,,,,,MEC A/ MEC C,"RGB(0,245,255)",UNKNOWN,FAM,None,,
153,G9,,,,,VAN A,"RGB(238,220,130)",UNKNOWN,VIC,None,,
153,G9,,,,,VAN B,"RGB(255,127,0)",UNKNOWN,ROX,None,,
177,H9,,,,,BACILLUS (EC),"RGB(238,18,137)",UNKNOWN,CY5,None,,
177,H9,,,,,CTX,"RGB(51,161,201)",UNKNOWN,VIC,None,,
177,H9,,,,,DFRA,"RGB(238,18,137)",UNKNOWN,ROX,None,,
177,H9,,,,,SUL 1-2,"RGB(238,44,44)",UNKNOWN,FAM,None,,
201,I9,,,,,KPC,"RGB(176,23,31)",UNKNOWN,FAM,None,,
201,I9,,,,,NDM,"RGB(0,139,69)",UNKNOWN,ROX,None,,
201,I9,,,,,RNASE P,"RGB(238,238,0)",UNKNOWN,CY5,None,,
201,I9,,,,,VIM,"RGB(0,0,255)",UNKNOWN,VIC,None,,
225,J9,,,,,IMP,"RGB(139,137,112)",UNKNOWN,FAM,None,,
225,J9,,,,,OXA,"RGB(142,56,142)",UNKNOWN,ROX,None,,
225,J9,,,,,QNR,"RGB(238,121,66)",UNKNOWN,VIC,None,,
249,K9,,,,,MEC A/ MEC C,"RGB(0,245,255)",UNKNOWN,FAM,None,,
249,K9,,,,,VAN A,"RGB(238,220,130)",UNKNOWN,VIC,None,,
249,K9,,,,,VAN B,"RGB(255,127,0)",UNKNOWN,ROX,None,,
273,L9,,,,,BACILLUS (EC),"RGB(238,18,137)",UNKNOWN,CY5,None,,
273,L9,,,,,CTX,"RGB(51,161,201)",UNKNOWN,VIC,None,,
273,L9,,,,,DFRA,"RGB(238,18,137)",UNKNOWN,ROX,None,,
273,L9,,,,,SUL 1-2,"RGB(238,44,44)",UNKNOWN,FAM,None,,
297,M9,,,,,KPC,"RGB(176,23,31)",UNKNOWN,FAM,None,,
297,M9,,,,,NDM,"RGB(0,139,69)",UNKNOWN,ROX,None,,
297,M9,,,,,RNASE P,"RGB(238,238,0)",UNKNOWN,CY5,None,,
297,M9,,,,,VIM,"RGB(0,0,255)",UNKNOWN,VIC,None,,
321,N9,,,,,IMP,"RGB(139,137,112)",UNKNOWN,FAM,None,,
321,N9,,,,,OXA,"RGB(142,56,142)",UNKNOWN,ROX,None,,
321,N9,,,,,QNR,"RGB(238,121,66)",UNKNOWN,VIC,None,,
345,O9,,,,,MEC A/ MEC C,"RGB(0,245,255)",UNKNOWN,FAM,None,,
345,O9,,,,,VAN A,"RGB(238,220,130)",UNKNOWN,VIC,None,,
345,O9,,,,,VAN B,"RGB(255,127,0)",UNKNOWN,ROX,None,,
369,P9,,,,,BACILLUS (EC),"RGB(238,18,137)",UNKNOWN,CY5,None,,
369,P9,,,,,CTX,"RGB(51,161,201)",UNKNOWN,VIC,None,,
369,P9,,,,,DFRA,"RGB(238,18,137)",UNKNOWN,ROX,None,,
369,P9,,,,,SUL 1-2,"RGB(238,44,44)",UNKNOWN,FAM,None,,
10,A10,,,,,KPC,"RGB(176,23,31)",UNKNOWN,FAM,None,,
10,A10,,,,,NDM,"RGB(0,139,69)",UNKNOWN,ROX,None,,
10,A10,,,,,RNASE P,"RGB(238,238,0)",UNKNOWN,CY5,None,,
10,A10,,,,,VIM,"RGB(0,0,255)",UNKNOWN,VIC,None,,
34,B10,,,,,IMP,"RGB(139,137,112)",UNKNOWN,FAM,None,,
34,B10,,,,,OXA,"RGB(142,56,142)",UNKNOWN,ROX,None,,
34,B10,,,,,QNR,"RGB(238,121,66)",UNKNOWN,VIC,None,,
58,C10,,,,,MEC A/ MEC C,"RGB(0,245,255)",UNKNOWN,FAM,None,,
58,C10,,,,,VAN A,"RGB(238,220,130)",UNKNOWN,VIC,None,,
58,C10,,,,,VAN B,"RGB(255,127,0)",UNKNOWN,ROX,None,,
82,D10,,,,,BACILLUS (EC),"RGB(238,18,137)",UNKNOWN,CY5,None,,
82,D10,,,,,CTX,"RGB(51,161,201)",UNKNOWN,VIC,None,,
82,D10,,,,,DFRA,"RGB(238,18,137)",UNKNOWN,ROX,None,,
82,D10,,,,,SUL 1-2,"RGB(238,44,44)",UNKNOWN,FAM,None,,
106,E10,,,,,KPC,"RGB(176,23,31)",UNKNOWN,FAM,None,,
106,E10,,,,,NDM,"RGB(0,139,69)",UNKNOWN,ROX,None,,
106,E10,,,,,RNASE P,"RGB(238,238,0)",UNKNOWN,CY5,None,,
106,E10,,,,,VIM,"RGB(0,0,255)",UNKNOWN,VIC,None,,
130,F10,,,,,IMP,"RGB(139,137,112)",UNKNOWN,FAM,None,,
130,F10,,,,,OXA,"RGB(142,56,142)",UNKNOWN,ROX,None,,
130,F10,,,,,QNR,"RGB(238,121,66)",UNKNOWN,VIC,None,,
154,G10,,,,,MEC A/ MEC C,"RGB(0,245,255)",UNKNOWN,FAM,None,,
154,G10,,,,,VAN A,"RGB(238,220,130)",UNKNOWN,VIC,None,,
154,G10,,,,,VAN B,"RGB(255,127,0)",UNKNOWN,ROX,None,,
178,H10,,,,,BACILLUS (EC),"RGB(238,18,137)",UNKNOWN,CY5,None,,
178,H10,,,,,CTX,"RGB(51,161,201)",UNKNOWN,VIC,None,,
178,H10,,,,,DFRA,"RGB(238,18,137)",UNKNOWN,ROX,None,,
178,H10,,,,,SUL 1-2,"RGB(238,44,44)",UNKNOWN,FAM,None,,
202,I10,,,,,KPC,"RGB(176,23,31)",UNKNOWN,FAM,None,,
202,I10,,,,,NDM,"RGB(0,139,69)",UNKNOWN,ROX,None,,
202,I10,,,,,RNASE P,"RGB(238,238,0)",UNKNOWN,CY5,None,,
202,I10,,,,,VIM,"RGB(0,0,255)",UNKNOWN,VIC,None,,
226,J10,,,,,IMP,"RGB(139,137,112)",UNKNOWN,FAM,None,,
226,J10,,,,,OXA,"RGB(142,56,142)",UNKNOWN,ROX,None,,
226,J10,,,,,QNR,"RGB(238,121,66)",UNKNOWN,VIC,None,,
250,K10,,,,,MEC A/ MEC C,"RGB(0,245,255)",UNKNOWN,FAM,None,,
250,K10,,,,,VAN A,"RGB(238,220,130)",UNKNOWN,VIC,None,,
250,K10,,,,,VAN B,"RGB(255,127,0)",UNKNOWN,ROX,None,,
274,L10,,,,,BACILLUS (EC),"RGB(238,18,137)",UNKNOWN,CY5,None,,
274,L10,,,,,CTX,"RGB(51,161,201)",UNKNOWN,VIC,None,,
274,L10,,,,,DFRA,"RGB(238,18,137)",UNKNOWN,ROX,None,,
274,L10,,,,,SUL 1-2,"RGB(238,44,44)",UNKNOWN,FAM,None,,
298,M10,,,,,KPC,"RGB(176,23,31)",UNKNOWN,FAM,None,,
298,M10,,,,,NDM,"RGB(0,139,69)",UNKNOWN,ROX,None,,
298,M10,,,,,RNASE P,"RGB(238,238,0)",UNKNOWN,CY5,None,,
298,M10,,,,,VIM,"RGB(0,0,255)",UNKNOWN,VIC,None,,
322,N10,,,,,IMP,"RGB(139,137,112)",UNKNOWN,FAM,None,,
322,N10,,,,,OXA,"RGB(142,56,142)",UNKNOWN,ROX,None,,
322,N10,,,,,QNR,"RGB(238,121,66)",UNKNOWN,VIC,None,,
346,O10,,,,,MEC A/ MEC C,"RGB(0,245,255)",UNKNOWN,FAM,None,,
346,O10,,,,,VAN A,"RGB(238,220,130)",UNKNOWN,VIC,None,,
346,O10,,,,,VAN B,"RGB(255,127,0)",UNKNOWN,ROX,None,,
370,P10,,,,,BACILLUS (EC),"RGB(238,18,137)",UNKNOWN,CY5,None,,
370,P10,,,,,CTX,"RGB(51,161,201)",UNKNOWN,VIC,None,,
370,P10,,,,,DFRA,"RGB(238,18,137)",UNKNOWN,ROX,None,,
370,P10,,,,,SUL 1-2,"RGB(238,44,44)",UNKNOWN,FAM,None,,
11,A11,,,,,KPC,"RGB(176,23,31)",UNKNOWN,FAM,None,,
11,A11,,,,,NDM,"RGB(0,139,69)",UNKNOWN,ROX,None,,
11,A11,,,,,RNASE P,"RGB(238,238,0)",UNKNOWN,CY5,None,,
11,A11,,,,,VIM,"RGB(0,0,255)",UNKNOWN,VIC,None,,
35,B11,,,,,IMP,"RGB(139,137,112)",UNKNOWN,FAM,None,,
35,B11,,,,,OXA,"RGB(142,56,142)",UNKNOWN,ROX,None,,
35,B11,,,,,QNR,"RGB(238,121,66)",UNKNOWN,VIC,None,,
59,C11,,,,,MEC A/ MEC C,"RGB(0,245,255)",UNKNOWN,FAM,None,,
59,C11,,,,,VAN A,"RGB(238,220,130)",UNKNOWN,VIC,None,,
59,C11,,,,,VAN B,"RGB(255,127,0)",UNKNOWN,ROX,None,,
83,D11,,,,,BACILLUS (EC),"RGB(238,18,137)",UNKNOWN,CY5,None,,
83,D11,,,,,CTX,"RGB(51,161,201)",UNKNOWN,VIC,None,,
83,D11,,,,,DFRA,"RGB(238,18,137)",UNKNOWN,ROX,None,,
83,D11,,,,,SUL 1-2,"RGB(238,44,44)",UNKNOWN,FAM,None,,
107,E11,,,,,KPC,"RGB(176,23,31)",UNKNOWN,FAM,None,,
107,E11,,,,,NDM,"RGB(0,139,69)",UNKNOWN,ROX,None,,
107,E11,,,,,RNASE P,"RGB(238,238,0)",UNKNOWN,CY5,None,,
107,E11,,,,,VIM,"RGB(0,0,255)",UNKNOWN,VIC,None,,
131,F11,,,,,IMP,"RGB(139,137,112)",UNKNOWN,FAM,None,,
131,F11,,,,,OXA,"RGB(142,56,142)",UNKNOWN,ROX,None,,
131,F11,,,,,QNR,"RGB(238,121,66)",UNKNOWN,VIC,None,,
155,G11,,,,,MEC A/ MEC C,"RGB(0,245,255)",UNKNOWN,FAM,None,,
155,G11,,,,,VAN A,"RGB(238,220,130)",UNKNOWN,VIC,None,,
155,G11,,,,,VAN B,"RGB(255,127,0)",UNKNOWN,ROX,None,,
179,H11,,,,,BACILLUS (EC),"RGB(238,18,137)",UNKNOWN,CY5,None,,
179,H11,,,,,CTX,"RGB(51,161,201)",UNKNOWN,VIC,None,,
179,H11,,,,,DFRA,"RGB(238,18,137)",UNKNOWN,ROX,None,,
179,H11,,,,,SUL 1-2,"RGB(238,44,44)",UNKNOWN,FAM,None,,
203,I11,,,,,KPC,"RGB(176,23,31)",UNKNOWN,FAM,None,,
203,I11,,,,,NDM,"RGB(0,139,69)",UNKNOWN,ROX,None,,
203,I11,,,,,RNASE P,"RGB(238,238,0)",UNKNOWN,CY5,None,,
203,I11,,,,,VIM,"RGB(0,0,255)",UNKNOWN,VIC,None,,
227,J11,,,,,IMP,"RGB(139,137,112)",UNKNOWN,FAM,None,,
227,J11,,,,,OXA,"RGB(142,56,142)",UNKNOWN,ROX,None,,
227,J11,,,,,QNR,"RGB(238,121,66)",UNKNOWN,VIC,None,,
251,K11,,,,,MEC A/ MEC C,"RGB(0,245,255)",UNKNOWN,FAM,None,,
251,K11,,,,,VAN A,"RGB(238,220,130)",UNKNOWN,VIC,None,,
251,K11,,,,,VAN B,"RGB(255,127,0)",UNKNOWN,ROX,None,,
275,L11,,,,,BACILLUS (EC),"RGB(238,18,137)",UNKNOWN,CY5,None,,
275,L11,,,,,CTX,"RGB(51,161,201)",UNKNOWN,VIC,None,,
275,L11,,,,,DFRA,"RGB(238,18,137)",UNKNOWN,ROX,None,,
275,L11,,,,,SUL 1-2,"RGB(238,44,44)",UNKNOWN,FAM,None,,
299,M11,,,,,KPC,"RGB(176,23,31)",UNKNOWN,FAM,None,,
299,M11,,,,,NDM,"RGB(0,139,69)",UNKNOWN,ROX,None,,
299,M11,,,,,RNASE P,"RGB(238,238,0)",UNKNOWN,CY5,None,,
299,M11,,,,,VIM,"RGB(0,0,255)",UNKNOWN,VIC,None,,
323,N11,,,,,IMP,"RGB(139,137,112)",UNKNOWN,FAM,None,,
323,N11,,,,,OXA,"RGB(142,56,142)",UNKNOWN,ROX,None,,
323,N11,,,,,QNR,"RGB(238,121,66)",UNKNOWN,VIC,None,,
347,O11,,,,,MEC A/ MEC C,"RGB(0,245,255)",UNKNOWN,FAM,None,,
347,O11,,,,,VAN A,"RGB(238,220,130)",UNKNOWN,VIC,None,,
347,O11,,,,,VAN B,"RGB(255,127,0)",UNKNOWN,ROX,None,,
371,P11,,,,,BACILLUS (EC),"RGB(238,18,137)",UNKNOWN,CY5,None,,
371,P11,,,,,CTX,"RGB(51,161,201)",UNKNOWN,VIC,None,,
371,P11,,,,,DFRA,"RGB(238,18,137)",UNKNOWN,ROX,None,,
371,P11,,,,,SUL 1-2,"RGB(238,44,44)",UNKNOWN,FAM,None,,
12,A12,,,,,KPC,"RGB(176,23,31)",UNKNOWN,FAM,None,,
12,A12,,,,,NDM,"RGB(0,139,69)",UNKNOWN,ROX,None,,
12,A12,,,,,RNASE P,"RGB(238,238,0)",UNKNOWN,CY5,None,,
12,A12,,,,,VIM,"RGB(0,0,255)",UNKNOWN,VIC,None,,
36,B12,,,,,IMP,"RGB(139,137,112)",UNKNOWN,FAM,None,,
36,B12,,,,,OXA,"RGB(142,56,142)",UNKNOWN,ROX,None,,
36,B12,,,,,QNR,"RGB(238,121,66)",UNKNOWN,VIC,None,,
60,C12,,,,,MEC A/ MEC C,"RGB(0,245,255)",UNKNOWN,FAM,None,,
60,C12,,,,,VAN A,"RGB(238,220,130)",UNKNOWN,VIC,None,,
60,C12,,,,,VAN B,"RGB(255,127,0)",UNKNOWN,ROX,None,,
84,D12,,,,,BACILLUS (EC),"RGB(238,18,137)",UNKNOWN,CY5,None,,
84,D12,,,,,CTX,"RGB(51,161,201)",UNKNOWN,VIC,None,,
84,D12,,,,,DFRA,"RGB(238,18,137)",UNKNOWN,ROX,None,,
84,D12,,,,,SUL 1-2,"RGB(238,44,44)",UNKNOWN,FAM,None,,
108,E12,,,,,KPC,"RGB(176,23,31)",UNKNOWN,FAM,None,,
108,E12,,,,,NDM,"RGB(0,139,69)",UNKNOWN,ROX,None,,
108,E12,,,,,RNASE P,"RGB(238,238,0)",UNKNOWN,CY5,None,,
108,E12,,,,,VIM,"RGB(0,0,255)",UNKNOWN,VIC,None,,
132,F12,,,,,IMP,"RGB(139,137,112)",UNKNOWN,FAM,None,,
132,F12,,,,,OXA,"RGB(142,56,142)",UNKNOWN,ROX,None,,
132,F12,,,,,QNR,"RGB(238,121,66)",UNKNOWN,VIC,None,,
156,G12,,,,,MEC A/ MEC C,"RGB(0,245,255)",UNKNOWN,FAM,None,,
156,G12,,,,,VAN A,"RGB(238,220,130)",UNKNOWN,VIC,None,,
156,G12,,,,,VAN B,"RGB(255,127,0)",UNKNOWN,ROX,None,,
180,H12,,,,,BACILLUS (EC),"RGB(238,18,137)",UNKNOWN,CY5,None,,
180,H12,,,,,CTX,"RGB(51,161,201)",UNKNOWN,VIC,None,,
180,H12,,,,,DFRA,"RGB(238,18,137)",UNKNOWN,ROX,None,,
180,H12,,,,,SUL 1-2,"RGB(238,44,44)",UNKNOWN,FAM,None,,
204,I12,,,,,KPC,"RGB(176,23,31)",UNKNOWN,FAM,None,,
204,I12,,,,,NDM,"RGB(0,139,69)",UNKNOWN,ROX,None,,
204,I12,,,,,RNASE P,"RGB(238,238,0)",UNKNOWN,CY5,None,,
204,I12,,,,,VIM,"RGB(0,0,255)",UNKNOWN,VIC,None,,
228,J12,,,,,IMP,"RGB(139,137,112)",UNKNOWN,FAM,None,,
228,J12,,,,,OXA,"RGB(142,56,142)",UNKNOWN,ROX,None,,
228,J12,,,,,QNR,"RGB(238,121,66)",UNKNOWN,VIC,None,,
252,K12,,,,,MEC A/ MEC C,"RGB(0,245,255)",UNKNOWN,FAM,None,,
252,K12,,,,,VAN A,"RGB(238,220,130)",UNKNOWN,VIC,None,,
252,K12,,,,,VAN B,"RGB(255,127,0)",UNKNOWN,ROX,None,,
276,L12,,,,,BACILLUS (EC),"RGB(238,18,137)",UNKNOWN,CY5,None,,
276,L12,,,,,CTX,"RGB(51,161,201)",UNKNOWN,VIC,None,,
276,L12,,,,,DFRA,"RGB(238,18,137)",UNKNOWN,ROX,None,,
276,L12,,,,,SUL 1-2,"RGB(238,44,44)",UNKNOWN,FAM,None,,
300,M12,,,,,KPC,"RGB(176,23,31)",UNKNOWN,FAM,None,,
300,M12,,,,,NDM,"RGB(0,139,69)",UNKNOWN,ROX,None,,
300,M12,,,,,RNASE P,"RGB(238,238,0)",UNKNOWN,CY5,None,,
300,M12,,,,,VIM,"RGB(0,0,255)",UNKNOWN,VIC,None,,
324,N12,,,,,IMP,"RGB(139,137,112)",UNKNOWN,FAM,None,,
324,N12,,,,,OXA,"RGB(142,56,142)",UNKNOWN,ROX,None,,
324,N12,,,,,QNR,"RGB(238,121,66)",UNKNOWN,VIC,None,,
348,O12,,,,,MEC A/ MEC C,"RGB(0,245,255)",UNKNOWN,FAM,None,,
348,O12,,,,,VAN A,"RGB(238,220,130)",UNKNOWN,VIC,None,,
348,O12,,,,,VAN B,"RGB(255,127,0)",UNKNOWN,ROX,None,,
372,P12,,,,,BACILLUS (EC),"RGB(238,18,137)",UNKNOWN,CY5,None,,
372,P12,,,,,CTX,"RGB(51,161,201)",UNKNOWN,VIC,None,,
372,P12,,,,,DFRA,"RGB(238,18,137)",UNKNOWN,ROX,None,,
372,P12,,,,,SUL 1-2,"RGB(238,44,44)",UNKNOWN,FAM,None,,
13,A13,,,,,KPC,"RGB(176,23,31)",UNKNOWN,FAM,None,,
13,A13,,,,,NDM,"RGB(0,139,69)",UNKNOWN,ROX,None,,
13,A13,,,,,RNASE P,"RGB(238,238,0)",UNKNOWN,CY5,None,,
13,A13,,,,,VIM,"RGB(0,0,255)",UNKNOWN,VIC,None,,
37,B13,,,,,IMP,"RGB(139,137,112)",UNKNOWN,FAM,None,,
37,B13,,,,,OXA,"RGB(142,56,142)",UNKNOWN,ROX,None,,
37,B13,,,,,QNR,"RGB(238,121,66)",UNKNOWN,VIC,None,,
61,C13,,,,,MEC A/ MEC C,"RGB(0,245,255)",UNKNOWN,FAM,None,,
61,C13,,,,,VAN A,"RGB(238,220,130)",UNKNOWN,VIC,None,,
61,C13,,,,,VAN B,"RGB(255,127,0)",UNKNOWN,ROX,None,,
85,D13,,,,,BACILLUS (EC),"RGB(238,18,137)",UNKNOWN,CY5,None,,
85,D13,,,,,CTX,"RGB(51,161,201)",UNKNOWN,VIC,None,,
85,D13,,,,,DFRA,"RGB(238,18,137)",UNKNOWN,ROX,None,,
85,D13,,,,,SUL 1-2,"RGB(238,44,44)",UNKNOWN,FAM,None,,
109,E13,,,,,KPC,"RGB(176,23,31)",UNKNOWN,FAM,None,,
109,E13,,,,,NDM,"RGB(0,139,69)",UNKNOWN,ROX,None,,
109,E13,,,,,RNASE P,"RGB(238,238,0)",UNKNOWN,CY5,None,,
109,E13,,,,,VIM,"RGB(0,0,255)",UNKNOWN,VIC,None,,
133,F13,,,,,IMP,"RGB(139,137,112)",UNKNOWN,FAM,None,,
133,F13,,,,,OXA,"RGB(142,56,142)",UNKNOWN,ROX,None,,
133,F13,,,,,QNR,"RGB(238,121,66)",UNKNOWN,VIC,None,,
157,G13,,,,,MEC A/ MEC C,"RGB(0,245,255)",UNKNOWN,FAM,None,,
157,G13,,,,,VAN A,"RGB(238,220,130)",UNKNOWN,VIC,None,,
157,G13,,,,,VAN B,"RGB(255,127,0)",UNKNOWN,ROX,None,,
181,H13,,,,,BACILLUS (EC),"RGB(238,18,137)",UNKNOWN,CY5,None,,
181,H13,,,,,CTX,"RGB(51,161,201)",UNKNOWN,VIC,None,,
181,H13,,,,,DFRA,"RGB(238,18,137)",UNKNOWN,ROX,None,,
181,H13,,,,,SUL 1-2,"RGB(238,44,44)",UNKNOWN,FAM,None,,
205,I13,,,,,KPC,"RGB(176,23,31)",UNKNOWN,FAM,None,,
205,I13,,,,,NDM,"RGB(0,139,69)",UNKNOWN,ROX,None,,
205,I13,,,,,RNASE P,"RGB(238,238,0)",UNKNOWN,CY5,None,,
205,I13,,,,,VIM,"RGB(0,0,255)",UNKNOWN,VIC,None,,
229,J13,,,,,IMP,"RGB(139,137,112)",UNKNOWN,FAM,None,,
229,J13,,,,,OXA,"RGB(142,56,142)",UNKNOWN,ROX,None,,
229,J13,,,,,QNR,"RGB(238,121,66)",UNKNOWN,VIC,None,,
253,K13,,,,,MEC A/ MEC C,"RGB(0,245,255)",UNKNOWN,FAM,None,,
253,K13,,,,,VAN A,"RGB(238,220,130)",UNKNOWN,VIC,None,,
253,K13,,,,,VAN B,"RGB(255,127,0)",UNKNOWN,ROX,None,,
277,L13,,,,,BACILLUS (EC),"RGB(238,18,137)",UNKNOWN,CY5,None,,
277,L13,,,,,CTX,"RGB(51,161,201)",UNKNOWN,VIC,None,,
277,L13,,,,,DFRA,"RGB(238,18,137)",UNKNOWN,ROX,None,,
277,L13,,,,,SUL 1-2,"RGB(238,44,44)",UNKNOWN,FAM,None,,
301,M13,,,,,KPC,"RGB(176,23,31)",UNKNOWN,FAM,None,,
301,M13,,,,,NDM,"RGB(0,139,69)",UNKNOWN,ROX,None,,
301,M13,,,,,RNASE P,"RGB(238,238,0)",UNKNOWN,CY5,None,,
301,M13,,,,,VIM,"RGB(0,0,255)",UNKNOWN,VIC,None,,
325,N13,,,,,IMP,"RGB(139,137,112)",UNKNOWN,FAM,None,,
325,N13,,,,,OXA,"RGB(142,56,142)",UNKNOWN,ROX,None,,
325,N13,,,,,QNR,"RGB(238,121,66)",UNKNOWN,VIC,None,,
349,O13,,,,,MEC A/ MEC C,"RGB(0,245,255)",UNKNOWN,FAM,None,,
349,O13,,,,,VAN A,"RGB(238,220,130)",UNKNOWN,VIC,None,,
349,O13,,,,,VAN B,"RGB(255,127,0)",UNKNOWN,ROX,None,,
373,P13,,,,,BACILLUS (EC),"RGB(238,18,137)",UNKNOWN,CY5,None,,
373,P13,,,,,CTX,"RGB(51,161,201)",UNKNOWN,VIC,None,,
373,P13,,,,,DFRA,"RGB(238,18,137)",UNKNOWN,ROX,None,,
373,P13,,,,,SUL 1-2,"RGB(238,44,44)",UNKNOWN,FAM,None,,
14,A14,,,,,KPC,"RGB(176,23,31)",UNKNOWN,FAM,None,,
14,A14,,,,,NDM,"RGB(0,139,69)",UNKNOWN,ROX,None,,
14,A14,,,,,RNASE P,"RGB(238,238,0)",UNKNOWN,CY5,None,,
14,A14,,,,,VIM,"RGB(0,0,255)",UNKNOWN,VIC,None,,
38,B14,,,,,IMP,"RGB(139,137,112)",UNKNOWN,FAM,None,,
38,B14,,,,,OXA,"RGB(142,56,142)",UNKNOWN,ROX,None,,
38,B14,,,,,QNR,"RGB(238,121,66)",UNKNOWN,VIC,None,,
62,C14,,,,,MEC A/ MEC C,"RGB(0,245,255)",UNKNOWN,FAM,None,,
62,C14,,,,,VAN A,"RGB(238,220,130)",UNKNOWN,VIC,None,,
62,C14,,,,,VAN B,"RGB(255,127,0)",UNKNOWN,ROX,None,,
86,D14,,,,,BACILLUS (EC),"RGB(238,18,137)",UNKNOWN,CY5,None,,
86,D14,,,,,CTX,"RGB(51,161,201)",UNKNOWN,VIC,None,,
86,D14,,,,,DFRA,"RGB(238,18,137)",UNKNOWN,ROX,None,,
86,D14,,,,,SUL 1-2,"RGB(238,44,44)",UNKNOWN,FAM,None,,
110,E14,,,,,KPC,"RGB(176,23,31)",UNKNOWN,FAM,None,,
110,E14,,,,,NDM,"RGB(0,139,69)",UNKNOWN,ROX,None,,
110,E14,,,,,RNASE P,"RGB(238,238,0)",UNKNOWN,CY5,None,,
110,E14,,,,,VIM,"RGB(0,0,255)",UNKNOWN,VIC,None,,
134,F14,,,,,IMP,"RGB(139,137,112)",UNKNOWN,FAM,None,,
134,F14,,,,,OXA,"RGB(142,56,142)",UNKNOWN,ROX,None,,
134,F14,,,,,QNR,"RGB(238,121,66)",UNKNOWN,VIC,None,,
158,G14,,,,,MEC A/ MEC C,"RGB(0,245,255)",UNKNOWN,FAM,None,,
158,G14,,,,,VAN A,"RGB(238,220,130)",UNKNOWN,VIC,None,,
158,G14,,,,,VAN B,"RGB(255,127,0)",UNKNOWN,ROX,None,,
182,H14,,,,,BACILLUS (EC),"RGB(238,18,137)",UNKNOWN,CY5,None,,
182,H14,,,,,CTX,"RGB(51,161,201)",UNKNOWN,VIC,None,,
182,H14,,,,,DFRA,"RGB(238,18,137)",UNKNOWN,ROX,None,,
182,H14,,,,,SUL 1-2,"RGB(238,44,44)",UNKNOWN,FAM,None,,
206,I14,,,,,KPC,"RGB(176,23,31)",UNKNOWN,FAM,None,,
206,I14,,,,,NDM,"RGB(0,139,69)",UNKNOWN,ROX,None,,
206,I14,,,,,RNASE P,"RGB(238,238,0)",UNKNOWN,CY5,None,,
206,I14,,,,,VIM,"RGB(0,0,255)",UNKNOWN,VIC,None,,
230,J14,,,,,IMP,"RGB(139,137,112)",UNKNOWN,FAM,None,,
230,J14,,,,,OXA,"RGB(142,56,142)",UNKNOWN,ROX,None,,
230,J14,,,,,QNR,"RGB(238,121,66)",UNKNOWN,VIC,None,,
254,K14,,,,,MEC A/ MEC C,"RGB(0,245,255)",UNKNOWN,FAM,None,,
254,K14,,,,,VAN A,"RGB(238,220,130)",UNKNOWN,VIC,None,,
254,K14,,,,,VAN B,"RGB(255,127,0)",UNKNOWN,ROX,None,,
278,L14,,,,,BACILLUS (EC),"RGB(238,18,137)",UNKNOWN,CY5,None,,
278,L14,,,,,CTX,"RGB(51,161,201)",UNKNOWN,VIC,None,,
278,L14,,,,,DFRA,"RGB(238,18,137)",UNKNOWN,ROX,None,,
278,L14,,,,,SUL 1-2,"RGB(238,44,44)",UNKNOWN,FAM,None,,
302,M14,,,,,KPC,"RGB(176,23,31)",UNKNOWN,FAM,None,,
302,M14,,,,,NDM,"RGB(0,139,69)",UNKNOWN,ROX,None,,
302,M14,,,,,RNASE P,"RGB(238,238,0)",UNKNOWN,CY5,None,,
302,M14,,,,,VIM,"RGB(0,0,255)",UNKNOWN,VIC,None,,
326,N14,,,,,IMP,"RGB(139,137,112)",UNKNOWN,FAM,None,,
326,N14,,,,,OXA,"RGB(142,56,142)",UNKNOWN,ROX,None,,
326,N14,,,,,QNR,"RGB(238,121,66)",UNKNOWN,VIC,None,,
350,O14,,,,,MEC A/ MEC C,"RGB(0,245,255)",UNKNOWN,FAM,None,,
350,O14,,,,,VAN A,"RGB(238,220,130)",UNKNOWN,VIC,None,,
350,O14,,,,,VAN B,"RGB(255,127,0)",UNKNOWN,ROX,None,,
374,P14,,,,,BACILLUS (EC),"RGB(238,18,137)",UNKNOWN,CY5,None,,
374,P14,,,,,CTX,"RGB(51,161,201)",UNKNOWN,VIC,None,,
374,P14,,,,,DFRA,"RGB(238,18,137)",UNKNOWN,ROX,None,,
374,P14,,,,,SUL 1-2,"RGB(238,44,44)",UNKNOWN,FAM,None,,
15,A15,,,,,KPC,"RGB(176,23,31)",UNKNOWN,FAM,None,,
15,A15,,,,,NDM,"RGB(0,139,69)",UNKNOWN,ROX,None,,
15,A15,,,,,RNASE P,"RGB(238,238,0)",UNKNOWN,CY5,None,,
15,A15,,,,,VIM,"RGB(0,0,255)",UNKNOWN,VIC,None,,
39,B15,,,,,IMP,"RGB(139,137,112)",UNKNOWN,FAM,None,,
39,B15,,,,,OXA,"RGB(142,56,142)",UNKNOWN,ROX,None,,
39,B15,,,,,QNR,"RGB(238,121,66)",UNKNOWN,VIC,None,,
63,C15,,,,,MEC A/ MEC C,"RGB(0,245,255)",UNKNOWN,FAM,None,,
63,C15,,,,,VAN A,"RGB(238,220,130)",UNKNOWN,VIC,None,,
63,C15,,,,,VAN B,"RGB(255,127,0)",UNKNOWN,ROX,None,,
87,D15,,,,,BACILLUS (EC),"RGB(238,18,137)",UNKNOWN,CY5,None,,
87,D15,,,,,CTX,"RGB(51,161,201)",UNKNOWN,VIC,None,,
87,D15,,,,,DFRA,"RGB(238,18,137)",UNKNOWN,ROX,None,,
87,D15,,,,,SUL 1-2,"RGB(238,44,44)",UNKNOWN,FAM,None,,
111,E15,,,,,KPC,"RGB(176,23,31)",UNKNOWN,FAM,None,,
111,E15,,,,,NDM,"RGB(0,139,69)",UNKNOWN,ROX,None,,
111,E15,,,,,RNASE P,"RGB(238,238,0)",UNKNOWN,CY5,None,,
111,E15,,,,,VIM,"RGB(0,0,255)",UNKNOWN,VIC,None,,
135,F15,,,,,IMP,"RGB(139,137,112)",UNKNOWN,FAM,None,,
135,F15,,,,,OXA,"RGB(142,56,142)",UNKNOWN,ROX,None,,
135,F15,,,,,QNR,"RGB(238,121,66)",UNKNOWN,VIC,None,,
159,G15,,,,,MEC A/ MEC C,"RGB(0,245,255)",UNKNOWN,FAM,None,,
159,G15,,,,,VAN A,"RGB(238,220,130)",UNKNOWN,VIC,None,,
159,G15,,,,,VAN B,"RGB(255,127,0)",UNKNOWN,ROX,None,,
183,H15,,,,,BACILLUS (EC),"RGB(238,18,137)",UNKNOWN,CY5,None,,
183,H15,,,,,CTX,"RGB(51,161,201)",UNKNOWN,VIC,None,,
183,H15,,,,,DFRA,"RGB(238,18,137)",UNKNOWN,ROX,None,,
183,H15,,,,,SUL 1-2,"RGB(238,44,44)",UNKNOWN,FAM,None,,
207,I15,,,,,KPC,"RGB(176,23,31)",UNKNOWN,FAM,None,,
207,I15,,,,,NDM,"RGB(0,139,69)",UNKNOWN,ROX,None,,
207,I15,,,,,RNASE P,"RGB(238,238,0)",UNKNOWN,CY5,None,,
207,I15,,,,,VIM,"RGB(0,0,255)",UNKNOWN,VIC,None,,
231,J15,,,,,IMP,"RGB(139,137,112)",UNKNOWN,FAM,None,,
231,J15,,,,,OXA,"RGB(142,56,142)",UNKNOWN,ROX,None,,
231,J15,,,,,QNR,"RGB(238,121,66)",UNKNOWN,VIC,None,,
255,K15,,,,,MEC A/ MEC C,"RGB(0,245,255)",UNKNOWN,FAM,None,,
255,K15,,,,,VAN A,"RGB(238,220,130)",UNKNOWN,VIC,None,,
255,K15,,,,,VAN B,"RGB(255,127,0)",UNKNOWN,ROX,None,,
279,L15,,,,,BACILLUS (EC),"RGB(238,18,137)",UNKNOWN,CY5,None,,
279,L15,,,,,CTX,"RGB(51,161,201)",UNKNOWN,VIC,None,,
279,L15,,,,,DFRA,"RGB(238,18,137)",UNKNOWN,ROX,None,,
279,L15,,,,,SUL 1-2,"RGB(238,44,44)",UNKNOWN,FAM,None,,
303,M15,,,,,KPC,"RGB(176,23,31)",UNKNOWN,FAM,None,,
303,M15,,,,,NDM,"RGB(0,139,69)",UNKNOWN,ROX,None,,
303,M15,,,,,RNASE P,"RGB(238,238,0)",UNKNOWN,CY5,None,,
303,M15,,,,,VIM,"RGB(0,0,255)",UNKNOWN,VIC,None,,
327,N15,,,,,IMP,"RGB(139,137,112)",UNKNOWN,FAM,None,,
327,N15,,,,,OXA,"RGB(142,56,142)",UNKNOWN,ROX,None,,
327,N15,,,,,QNR,"RGB(238,121,66)",UNKNOWN,VIC,None,,
351,O15,,,,,MEC A/ MEC C,"RGB(0,245,255)",UNKNOWN,FAM,None,,
351,O15,,,,,VAN A,"RGB(238,220,130)",UNKNOWN,VIC,None,,
351,O15,,,,,VAN B,"RGB(255,127,0)",UNKNOWN,ROX,None,,
375,P15,,,,,BACILLUS (EC),"RGB(238,18,137)",UNKNOWN,CY5,None,,
375,P15,,,,,CTX,"RGB(51,161,201)",UNKNOWN,VIC,None,,
375,P15,,,,,DFRA,"RGB(238,18,137)",UNKNOWN,ROX,None,,
375,P15,,,,,SUL 1-2,"RGB(238,44,44)",UNKNOWN,FAM,None,,
16,A16,,,,,KPC,"RGB(176,23,31)",UNKNOWN,FAM,None,,
16,A16,,,,,NDM,"RGB(0,139,69)",UNKNOWN,ROX,None,,
16,A16,,,,,RNASE P,"RGB(238,238,0)",UNKNOWN,CY5,None,,
16,A16,,,,,VIM,"RGB(0,0,255)",UNKNOWN,VIC,None,,
40,B16,,,,,IMP,"RGB(139,137,112)",UNKNOWN,FAM,None,,
40,B16,,,,,OXA,"RGB(142,56,142)",UNKNOWN,ROX,None,,
40,B16,,,,,QNR,"RGB(238,121,66)",UNKNOWN,VIC,None,,
64,C16,,,,,MEC A/ MEC C,"RGB(0,245,255)",UNKNOWN,FAM,None,,
64,C16,,,,,VAN A,"RGB(238,220,130)",UNKNOWN,VIC,None,,
64,C16,,,,,VAN B,"RGB(255,127,0)",UNKNOWN,ROX,None,,
88,D16,,,,,BACILLUS (EC),"RGB(238,18,137)",UNKNOWN,CY5,None,,
88,D16,,,,,CTX,"RGB(51,161,201)",UNKNOWN,VIC,None,,
88,D16,,,,,DFRA,"RGB(238,18,137)",UNKNOWN,ROX,None,,
88,D16,,,,,SUL 1-2,"RGB(238,44,44)",UNKNOWN,FAM,None,,
112,E16,,,,,KPC,"RGB(176,23,31)",UNKNOWN,FAM,None,,
112,E16,,,,,NDM,"RGB(0,139,69)",UNKNOWN,ROX,None,,
112,E16,,,,,RNASE P,"RGB(238,238,0)",UNKNOWN,CY5,None,,
112,E16,,,,,VIM,"RGB(0,0,255)",UNKNOWN,VIC,None,,
136,F16,,,,,IMP,"RGB(139,137,112)",UNKNOWN,FAM,None,,
136,F16,,,,,OXA,"RGB(142,56,142)",UNKNOWN,ROX,None,,
136,F16,,,,,QNR,"RGB(238,121,66)",UNKNOWN,VIC,None,,
160,G16,,,,,MEC A/ MEC C,"RGB(0,245,255)",UNKNOWN,FAM,None,,
160,G16,,,,,VAN A,"RGB(238,220,130)",UNKNOWN,VIC,None,,
160,G16,,,,,VAN B,"RGB(255,127,0)",UNKNOWN,ROX,None,,
184,H16,,,,,BACILLUS (EC),"RGB(238,18,137)",UNKNOWN,CY5,None,,
184,H16,,,,,CTX,"RGB(51,161,201)",UNKNOWN,VIC,None,,
184,H16,,,,,DFRA,"RGB(238,18,137)",UNKNOWN,ROX,None,,
184,H16,,,,,SUL 1-2,"RGB(238,44,44)",UNKNOWN,FAM,None,,
208,I16,,,,,KPC,"RGB(176,23,31)",UNKNOWN,FAM,None,,
208,I16,,,,,NDM,"RGB(0,139,69)",UNKNOWN,ROX,None,,
208,I16,,,,,RNASE P,"RGB(238,238,0)",UNKNOWN,CY5,None,,
208,I16,,,,,VIM,"RGB(0,0,255)",UNKNOWN,VIC,None,,
232,J16,,,,,IMP,"RGB(139,137,112)",UNKNOWN,FAM,None,,
232,J16,,,,,OXA,"RGB(142,56,142)",UNKNOWN,ROX,None,,
232,J16,,,,,QNR,"RGB(238,121,66)",UNKNOWN,VIC,None,,
256,K16,,,,,MEC A/ MEC C,"RGB(0,245,255)",UNKNOWN,FAM,None,,
256,K16,,,,,VAN A,"RGB(238,220,130)",UNKNOWN,VIC,None,,
256,K16,,,,,VAN B,"RGB(255,127,0)",UNKNOWN,ROX,None,,
280,L16,,,,,BACILLUS (EC),"RGB(238,18,137)",UNKNOWN,CY5,None,,
280,L16,,,,,CTX,"RGB(51,161,201)",UNKNOWN,VIC,None,,
280,L16,,,,,DFRA,"RGB(238,18,137)",UNKNOWN,ROX,None,,
280,L16,,,,,SUL 1-2,"RGB(238,44,44)",UNKNOWN,FAM,None,,
304,M16,,,,,KPC,"RGB(176,23,31)",UNKNOWN,FAM,None,,
304,M16,,,,,NDM,"RGB(0,139,69)",UNKNOWN,ROX,None,,
304,M16,,,,,RNASE P,"RGB(238,238,0)",UNKNOWN,CY5,None,,
304,M16,,,,,VIM,"RGB(0,0,255)",UNKNOWN,VIC,None,,
328,N16,,,,,IMP,"RGB(139,137,112)",UNKNOWN,FAM,None,,
328,N16,,,,,OXA,"RGB(142,56,142)",UNKNOWN,ROX,None,,
328,N16,,,,,QNR,"RGB(238,121,66)",UNKNOWN,VIC,None,,
352,O16,,,,,MEC A/ MEC C,"RGB(0,245,255)",UNKNOWN,FAM,None,,
352,O16,,,,,VAN A,"RGB(238,220,130)",UNKNOWN,VIC,None,,
352,O16,,,,,VAN B,"RGB(255,127,0)",UNKNOWN,ROX,None,,
376,P16,,,,,BACILLUS (EC),"RGB(238,18,137)",UNKNOWN,CY5,None,,
376,P16,,,,,CTX,"RGB(51,161,201)",UNKNOWN,VIC,None,,
376,P16,,,,,DFRA,"RGB(238,18,137)",UNKNOWN,ROX,None,,
376,P16,,,,,SUL 1-2,"RGB(238,44,44)",UNKNOWN,FAM,None,,
17,A17,,,,,KPC,"RGB(176,23,31)",UNKNOWN,FAM,None,,
17,A17,,,,,NDM,"RGB(0,139,69)",UNKNOWN,ROX,None,,
17,A17,,,,,RNASE P,"RGB(238,238,0)",UNKNOWN,CY5,None,,
17,A17,,,,,VIM,"RGB(0,0,255)",UNKNOWN,VIC,None,,
41,B17,,,,,IMP,"RGB(139,137,112)",UNKNOWN,FAM,None,,
41,B17,,,,,OXA,"RGB(142,56,142)",UNKNOWN,ROX,None,,
41,B17,,,,,QNR,"RGB(238,121,66)",UNKNOWN,VIC,None,,
65,C17,,,,,MEC A/ MEC C,"RGB(0,245,255)",UNKNOWN,FAM,None,,
65,C17,,,,,VAN A,"RGB(238,220,130)",UNKNOWN,VIC,None,,
65,C17,,,,,VAN B,"RGB(255,127,0)",UNKNOWN,ROX,None,,
89,D17,,,,,BACILLUS (EC),"RGB(238,18,137)",UNKNOWN,CY5,None,,
89,D17,,,,,CTX,"RGB(51,161,201)",UNKNOWN,VIC,None,,
89,D17,,,,,DFRA,"RGB(238,18,137)",UNKNOWN,ROX,None,,
89,D17,,,,,SUL 1-2,"RGB(238,44,44)",UNKNOWN,FAM,None,,
113,E17,,,,,KPC,"RGB(176,23,31)",UNKNOWN,FAM,None,,
113,E17,,,,,NDM,"RGB(0,139,69)",UNKNOWN,ROX,None,,
113,E17,,,,,RNASE P,"RGB(238,238,0)",UNKNOWN,CY5,None,,
113,E17,,,,,VIM,"RGB(0,0,255)",UNKNOWN,VIC,None,,
137,F17,,,,,IMP,"RGB(139,137,112)",UNKNOWN,FAM,None,,
137,F17,,,,,OXA,"RGB(142,56,142)",UNKNOWN,ROX,None,,
137,F17,,,,,QNR,"RGB(238,121,66)",UNKNOWN,VIC,None,,
161,G17,,,,,MEC A/ MEC C,"RGB(0,245,255)",UNKNOWN,FAM,None,,
161,G17,,,,,VAN A,"RGB(238,220,130)",UNKNOWN,VIC,None,,
161,G17,,,,,VAN B,"RGB(255,127,0)",UNKNOWN,ROX,None,,
185,H17,,,,,BACILLUS (EC),"RGB(238,18,137)",UNKNOWN,CY5,None,,
185,H17,,,,,CTX,"RGB(51,161,201)",UNKNOWN,VIC,None,,
185,H17,,,,,DFRA,"RGB(238,18,137)",UNKNOWN,ROX,None,,
185,H17,,,,,SUL 1-2,"RGB(238,44,44)",UNKNOWN,FAM,None,,
209,I17,,,,,KPC,"RGB(176,23,31)",UNKNOWN,FAM,None,,
209,I17,,,,,NDM,"RGB(0,139,69)",UNKNOWN,ROX,None,,
209,I17,,,,,RNASE P,"RGB(238,238,0)",UNKNOWN,CY5,None,,
209,I17,,,,,VIM,"RGB(0,0,255)",UNKNOWN,VIC,None,,
233,J17,,,,,IMP,"RGB(139,137,112)",UNKNOWN,FAM,None,,
233,J17,,,,,OXA,"RGB(142,56,142)",UNKNOWN,ROX,None,,
233,J17,,,,,QNR,"RGB(238,121,66)",UNKNOWN,VIC,None,,
257,K17,,,,,MEC A/ MEC C,"RGB(0,245,255)",UNKNOWN,FAM,None,,
257,K17,,,,,VAN A,"RGB(238,220,130)",UNKNOWN,VIC,None,,
257,K17,,,,,VAN B,"RGB(255,127,0)",UNKNOWN,ROX,None,,
281,L17,,,,,BACILLUS (EC),"RGB(238,18,137)",UNKNOWN,CY5,None,,
281,L17,,,,,CTX,"RGB(51,161,201)",UNKNOWN,VIC,None,,
281,L17,,,,,DFRA,"RGB(238,18,137)",UNKNOWN,ROX,None,,
281,L17,,,,,SUL 1-2,"RGB(238,44,44)",UNKNOWN,FAM,None,,
305,M17,,,,,KPC,"RGB(176,23,31)",UNKNOWN,FAM,None,,
305,M17,,,,,NDM,"RGB(0,139,69)",UNKNOWN,ROX,None,,
305,M17,,,,,RNASE P,"RGB(238,238,0)",UNKNOWN,CY5,None,,
305,M17,,,,,VIM,"RGB(0,0,255)",UNKNOWN,VIC,None,,
329,N17,,,,,IMP,"RGB(139,137,112)",UNKNOWN,FAM,None,,
329,N17,,,,,OXA,"RGB(142,56,142)",UNKNOWN,ROX,None,,
329,N17,,,,,QNR,"RGB(238,121,66)",UNKNOWN,VIC,None,,
353,O17,,,,,MEC A/ MEC C,"RGB(0,245,255)",UNKNOWN,FAM,None,,
353,O17,,,,,VAN A,"RGB(238,220,130)",UNKNOWN,VIC,None,,
353,O17,,,,,VAN B,"RGB(255,127,0)",UNKNOWN,ROX,None,,
377,P17,,,,,BACILLUS (EC),"RGB(238,18,137)",UNKNOWN,CY5,None,,
377,P17,,,,,CTX,"RGB(51,161,201)",UNKNOWN,VIC,None,,
377,P17,,,,,DFRA,"RGB(238,18,137)",UNKNOWN,ROX,None,,
377,P17,,,,,SUL 1-2,"RGB(238,44,44)",UNKNOWN,FAM,None,,
18,A18,,,,,KPC,"RGB(176,23,31)",UNKNOWN,FAM,None,,
18,A18,,,,,NDM,"RGB(0,139,69)",UNKNOWN,ROX,None,,
18,A18,,,,,RNASE P,"RGB(238,238,0)",UNKNOWN,CY5,None,,
18,A18,,,,,VIM,"RGB(0,0,255)",UNKNOWN,VIC,None,,
42,B18,,,,,IMP,"RGB(139,137,112)",UNKNOWN,FAM,None,,
42,B18,,,,,OXA,"RGB(142,56,142)",UNKNOWN,ROX,None,,
42,B18,,,,,QNR,"RGB(238,121,66)",UNKNOWN,VIC,None,,
66,C18,,,,,MEC A/ MEC C,"RGB(0,245,255)",UNKNOWN,FAM,None,,
66,C18,,,,,VAN A,"RGB(238,220,130)",UNKNOWN,VIC,None,,
66,C18,,,,,VAN B,"RGB(255,127,0)",UNKNOWN,ROX,None,,
90,D18,,,,,BACILLUS (EC),"RGB(238,18,137)",UNKNOWN,CY5,None,,
90,D18,,,,,CTX,"RGB(51,161,201)",UNKNOWN,VIC,None,,
90,D18,,,,,DFRA,"RGB(238,18,137)",UNKNOWN,ROX,None,,
90,D18,,,,,SUL 1-2,"RGB(238,44,44)",UNKNOWN,FAM,None,,
114,E18,,,,,KPC,"RGB(176,23,31)",UNKNOWN,FAM,None,,
114,E18,,,,,NDM,"RGB(0,139,69)",UNKNOWN,ROX,None,,
114,E18,,,,,RNASE P,"RGB(238,238,0)",UNKNOWN,CY5,None,,
114,E18,,,,,VIM,"RGB(0,0,255)",UNKNOWN,VIC,None,,
138,F18,,,,,IMP,"RGB(139,137,112)",UNKNOWN,FAM,None,,
138,F18,,,,,OXA,"RGB(142,56,142)",UNKNOWN,ROX,None,,
138,F18,,,,,QNR,"RGB(238,121,66)",UNKNOWN,VIC,None,,
162,G18,,,,,MEC A/ MEC C,"RGB(0,245,255)",UNKNOWN,FAM,None,,
162,G18,,,,,VAN A,"RGB(238,220,130)",UNKNOWN,VIC,None,,
162,G18,,,,,VAN B,"RGB(255,127,0)",UNKNOWN,ROX,None,,
186,H18,,,,,BACILLUS (EC),"RGB(238,18,137)",UNKNOWN,CY5,None,,
186,H18,,,,,CTX,"RGB(51,161,201)",UNKNOWN,VIC,None,,
186,H18,,,,,DFRA,"RGB(238,18,137)",UNKNOWN,ROX,None,,
186,H18,,,,,SUL 1-2,"RGB(238,44,44)",UNKNOWN,FAM,None,,
210,I18,,,,,KPC,"RGB(176,23,31)",UNKNOWN,FAM,None,,
210,I18,,,,,NDM,"RGB(0,139,69)",UNKNOWN,ROX,None,,
210,I18,,,,,RNASE P,"RGB(238,238,0)",UNKNOWN,CY5,None,,
210,I18,,,,,VIM,"RGB(0,0,255)",UNKNOWN,VIC,None,,
234,J18,,,,,IMP,"RGB(139,137,112)",UNKNOWN,FAM,None,,
234,J18,,,,,OXA,"RGB(142,56,142)",UNKNOWN,ROX,None,,
234,J18,,,,,QNR,"RGB(238,121,66)",UNKNOWN,VIC,None,,
258,K18,,,,,MEC A/ MEC C,"RGB(0,245,255)",UNKNOWN,FAM,None,,
258,K18,,,,,VAN A,"RGB(238,220,130)",UNKNOWN,VIC,None,,
258,K18,,,,,VAN B,"RGB(255,127,0)",UNKNOWN,ROX,None,,
282,L18,,,,,BACILLUS (EC),"RGB(238,18,137)",UNKNOWN,CY5,None,,
282,L18,,,,,CTX,"RGB(51,161,201)",UNKNOWN,VIC,None,,
282,L18,,,,,DFRA,"RGB(238,18,137)",UNKNOWN,ROX,None,,
282,L18,,,,,SUL 1-2,"RGB(238,44,44)",UNKNOWN,FAM,None,,
306,M18,,,,,KPC,"RGB(176,23,31)",UNKNOWN,FAM,None,,
306,M18,,,,,NDM,"RGB(0,139,69)",UNKNOWN,ROX,None,,
306,M18,,,,,RNASE P,"RGB(238,238,0)",UNKNOWN,CY5,None,,
306,M18,,,,,VIM,"RGB(0,0,255)",UNKNOWN,VIC,None,,
330,N18,,,,,IMP,"RGB(139,137,112)",UNKNOWN,FAM,None,,
330,N18,,,,,OXA,"RGB(142,56,142)",UNKNOWN,ROX,None,,
330,N18,,,,,QNR,"RGB(238,121,66)",UNKNOWN,VIC,None,,
354,O18,,,,,MEC A/ MEC C,"RGB(0,245,255)",UNKNOWN,FAM,None,,
354,O18,,,,,VAN A,"RGB(238,220,130)",UNKNOWN,VIC,None,,
354,O18,,,,,VAN B,"RGB(255,127,0)",UNKNOWN,ROX,None,,
378,P18,,,,,BACILLUS (EC),"RGB(238,18,137)",UNKNOWN,CY5,None,,
378,P18,,,,,CTX,"RGB(51,161,201)",UNKNOWN,VIC,None,,
378,P18,,,,,DFRA,"RGB(238,18,137)",UNKNOWN,ROX,None,,
378,P18,,,,,SUL 1-2,"RGB(238,44,44)",UNKNOWN,FAM,None,,
19,A19,,,,,KPC,"RGB(176,23,31)",UNKNOWN,FAM,None,,
19,A19,,,,,NDM,"RGB(0,139,69)",UNKNOWN,ROX,None,,
19,A19,,,,,RNASE P,"RGB(238,238,0)",UNKNOWN,CY5,None,,
19,A19,,,,,VIM,"RGB(0,0,255)",UNKNOWN,VIC,None,,
43,B19,,,,,IMP,"RGB(139,137,112)",UNKNOWN,FAM,None,,
43,B19,,,,,OXA,"RGB(142,56,142)",UNKNOWN,ROX,None,,
43,B19,,,,,QNR,"RGB(238,121,66)",UNKNOWN,VIC,None,,
67,C19,,,,,MEC A/ MEC C,"RGB(0,245,255)",UNKNOWN,FAM,None,,
67,C19,,,,,VAN A,"RGB(238,220,130)",UNKNOWN,VIC,None,,
67,C19,,,,,VAN B,"RGB(255,127,0)",UNKNOWN,ROX,None,,
91,D19,,,,,BACILLUS (EC),"RGB(238,18,137)",UNKNOWN,CY5,None,,
91,D19,,,,,CTX,"RGB(51,161,201)",UNKNOWN,VIC,None,,
91,D19,,,,,DFRA,"RGB(238,18,137)",UNKNOWN,ROX,None,,
91,D19,,,,,SUL 1-2,"RGB(238,44,44)",UNKNOWN,FAM,None,,
115,E19,,,,,KPC,"RGB(176,23,31)",UNKNOWN,FAM,None,,
115,E19,,,,,NDM,"RGB(0,139,69)",UNKNOWN,ROX,None,,
115,E19,,,,,RNASE P,"RGB(238,238,0)",UNKNOWN,CY5,None,,
115,E19,,,,,VIM,"RGB(0,0,255)",UNKNOWN,VIC,None,,
139,F19,,,,,IMP,"RGB(139,137,112)",UNKNOWN,FAM,None,,
139,F19,,,,,OXA,"RGB(142,56,142)",UNKNOWN,ROX,None,,
139,F19,,,,,QNR,"RGB(238,121,66)",UNKNOWN,VIC,None,,
163,G19,,,,,MEC A/ MEC C,"RGB(0,245,255)",UNKNOWN,FAM,None,,
163,G19,,,,,VAN A,"RGB(238,220,130)",UNKNOWN,VIC,None,,
163,G19,,,,,VAN B,"RGB(255,127,0)",UNKNOWN,ROX,None,,
187,H19,,,,,BACILLUS (EC),"RGB(238,18,137)",UNKNOWN,CY5,None,,
187,H19,,,,,CTX,"RGB(51,161,201)",UNKNOWN,VIC,None,,
187,H19,,,,,DFRA,"RGB(238,18,137)",UNKNOWN,ROX,None,,
187,H19,,,,,SUL 1-2,"RGB(238,44,44)",UNKNOWN,FAM,None,,
211,I19,,,,,KPC,"RGB(176,23,31)",UNKNOWN,FAM,None,,
211,I19,,,,,NDM,"RGB(0,139,69)",UNKNOWN,ROX,None,,
211,I19,,,,,RNASE P,"RGB(238,238,0)",UNKNOWN,CY5,None,,
211,I19,,,,,VIM,"RGB(0,0,255)",UNKNOWN,VIC,None,,
235,J19,,,,,IMP,"RGB(139,137,112)",UNKNOWN,FAM,None,,
235,J19,,,,,OXA,"RGB(142,56,142)",UNKNOWN,ROX,None,,
235,J19,,,,,QNR,"RGB(238,121,66)",UNKNOWN,VIC,None,,
259,K19,,,,,MEC A/ MEC C,"RGB(0,245,255)",UNKNOWN,FAM,None,,
259,K19,,,,,VAN A,"RGB(238,220,130)",UNKNOWN,VIC,None,,
259,K19,,,,,VAN B,"RGB(255,127,0)",UNKNOWN,ROX,None,,
283,L19,,,,,BACILLUS (EC),"RGB(238,18,137)",UNKNOWN,CY5,None,,
283,L19,,,,,CTX,"RGB(51,161,201)",UNKNOWN,VIC,None,,
283,L19,,,,,DFRA,"RGB(238,18,137)",UNKNOWN,ROX,None,,
283,L19,,,,,SUL 1-2,"RGB(238,44,44)",UNKNOWN,FAM,None,,
307,M19,,,,,KPC,"RGB(176,23,31)",UNKNOWN,FAM,None,,
307,M19,,,,,NDM,"RGB(0,139,69)",UNKNOWN,ROX,None,,
307,M19,,,,,RNASE P,"RGB(238,238,0)",UNKNOWN,CY5,None,,
307,M19,,,,,VIM,"RGB(0,0,255)",UNKNOWN,VIC,None,,
331,N19,,,,,IMP,"RGB(139,137,112)",UNKNOWN,FAM,None,,
331,N19,,,,,OXA,"RGB(142,56,142)",UNKNOWN,ROX,None,,
331,N19,,,,,QNR,"RGB(238,121,66)",UNKNOWN,VIC,None,,
355,O19,,,,,MEC A/ MEC C,"RGB(0,245,255)",UNKNOWN,FAM,None,,
355,O19,,,,,VAN A,"RGB(238,220,130)",UNKNOWN,VIC,None,,
355,O19,,,,,VAN B,"RGB(255,127,0)",UNKNOWN,ROX,None,,
379,P19,,,,,BACILLUS (EC),"RGB(238,18,137)",UNKNOWN,CY5,None,,
379,P19,,,,,CTX,"RGB(51,161,201)",UNKNOWN,VIC,None,,
379,P19,,,,,DFRA,"RGB(238,18,137)",UNKNOWN,ROX,None,,
379,P19,,,,,SUL 1-2,"RGB(238,44,44)",UNKNOWN,FAM,None,,
20,A20,,,,,KPC,"RGB(176,23,31)",UNKNOWN,FAM,None,,
20,A20,,,,,NDM,"RGB(0,139,69)",UNKNOWN,ROX,None,,
20,A20,,,,,RNASE P,"RGB(238,238,0)",UNKNOWN,CY5,None,,
20,A20,,,,,VIM,"RGB(0,0,255)",UNKNOWN,VIC,None,,
44,B20,,,,,IMP,"RGB(139,137,112)",UNKNOWN,FAM,None,,
44,B20,,,,,OXA,"RGB(142,56,142)",UNKNOWN,ROX,None,,
44,B20,,,,,QNR,"RGB(238,121,66)",UNKNOWN,VIC,None,,
68,C20,,,,,MEC A/ MEC C,"RGB(0,245,255)",UNKNOWN,FAM,None,,
68,C20,,,,,VAN A,"RGB(238,220,130)",UNKNOWN,VIC,None,,
68,C20,,,,,VAN B,"RGB(255,127,0)",UNKNOWN,ROX,None,,
92,D20,,,,,BACILLUS (EC),"RGB(238,18,137)",UNKNOWN,CY5,None,,
92,D20,,,,,CTX,"RGB(51,161,201)",UNKNOWN,VIC,None,,
92,D20,,,,,DFRA,"RGB(238,18,137)",UNKNOWN,ROX,None,,
92,D20,,,,,SUL 1-2,"RGB(238,44,44)",UNKNOWN,FAM,None,,
116,E20,,,,,KPC,"RGB(176,23,31)",UNKNOWN,FAM,None,,
116,E20,,,,,NDM,"RGB(0,139,69)",UNKNOWN,ROX,None,,
116,E20,,,,,RNASE P,"RGB(238,238,0)",UNKNOWN,CY5,None,,
116,E20,,,,,VIM,"RGB(0,0,255)",UNKNOWN,VIC,None,,
140,F20,,,,,IMP,"RGB(139,137,112)",UNKNOWN,FAM,None,,
140,F20,,,,,OXA,"RGB(142,56,142)",UNKNOWN,ROX,None,,
140,F20,,,,,QNR,"RGB(238,121,66)",UNKNOWN,VIC,None,,
164,G20,,,,,MEC A/ MEC C,"RGB(0,245,255)",UNKNOWN,FAM,None,,
164,G20,,,,,VAN A,"RGB(238,220,130)",UNKNOWN,VIC,None,,
164,G20,,,,,VAN B,"RGB(255,127,0)",UNKNOWN,ROX,None,,
188,H20,,,,,BACILLUS (EC),"RGB(238,18,137)",UNKNOWN,CY5,None,,
188,H20,,,,,CTX,"RGB(51,161,201)",UNKNOWN,VIC,None,,
188,H20,,,,,DFRA,"RGB(238,18,137)",UNKNOWN,ROX,None,,
188,H20,,,,,SUL 1-2,"RGB(238,44,44)",UNKNOWN,FAM,None,,
212,I20,,,,,KPC,"RGB(176,23,31)",UNKNOWN,FAM,None,,
212,I20,,,,,NDM,"RGB(0,139,69)",UNKNOWN,ROX,None,,
212,I20,,,,,RNASE P,"RGB(238,238,0)",UNKNOWN,CY5,None,,
212,I20,,,,,VIM,"RGB(0,0,255)",UNKNOWN,VIC,None,,
236,J20,,,,,IMP,"RGB(139,137,112)",UNKNOWN,FAM,None,,
236,J20,,,,,OXA,"RGB(142,56,142)",UNKNOWN,ROX,None,,
236,J20,,,,,QNR,"RGB(238,121,66)",UNKNOWN,VIC,None,,
260,K20,,,,,MEC A/ MEC C,"RGB(0,245,255)",UNKNOWN,FAM,None,,
260,K20,,,,,VAN A,"RGB(238,220,130)",UNKNOWN,VIC,None,,
260,K20,,,,,VAN B,"RGB(255,127,0)",UNKNOWN,ROX,None,,
284,L20,,,,,BACILLUS (EC),"RGB(238,18,137)",UNKNOWN,CY5,None,,
284,L20,,,,,CTX,"RGB(51,161,201)",UNKNOWN,VIC,None,,
284,L20,,,,,DFRA,"RGB(238,18,137)",UNKNOWN,ROX,None,,
284,L20,,,,,SUL 1-2,"RGB(238,44,44)",UNKNOWN,FAM,None,,
308,M20,,,,,KPC,"RGB(176,23,31)",UNKNOWN,FAM,None,,
308,M20,,,,,NDM,"RGB(0,139,69)",UNKNOWN,ROX,None,,
308,M20,,,,,RNASE P,"RGB(238,238,0)",UNKNOWN,CY5,None,,
308,M20,,,,,VIM,"RGB(0,0,255)",UNKNOWN,VIC,None,,
332,N20,,,,,IMP,"RGB(139,137,112)",UNKNOWN,FAM,None,,
332,N20,,,,,OXA,"RGB(142,56,142)",UNKNOWN,ROX,None,,
332,N20,,,,,QNR,"RGB(238,121,66)",UNKNOWN,VIC,None,,
356,O20,,,,,MEC A/ MEC C,"RGB(0,245,255)",UNKNOWN,FAM,None,,
356,O20,,,,,VAN A,"RGB(238,220,130)",UNKNOWN,VIC,None,,
356,O20,,,,,VAN B,"RGB(255,127,0)",UNKNOWN,ROX,None,,
380,P20,,,,,BACILLUS (EC),"RGB(238,18,137)",UNKNOWN,CY5,None,,
380,P20,,,,,CTX,"RGB(51,161,201)",UNKNOWN,VIC,None,,
380,P20,,,,,DFRA,"RGB(238,18,137)",UNKNOWN,ROX,None,,
380,P20,,,,,SUL 1-2,"RGB(238,44,44)",UNKNOWN,FAM,None,,
21,A21,,,,,KPC,"RGB(176,23,31)",UNKNOWN,FAM,None,,
21,A21,,,,,NDM,"RGB(0,139,69)",UNKNOWN,ROX,None,,
21,A21,,,,,RNASE P,"RGB(238,238,0)",UNKNOWN,CY5,None,,
21,A21,,,,,VIM,"RGB(0,0,255)",UNKNOWN,VIC,None,,
45,B21,,,,,IMP,"RGB(139,137,112)",UNKNOWN,FAM,None,,
45,B21,,,,,OXA,"RGB(142,56,142)",UNKNOWN,ROX,None,,
45,B21,,,,,QNR,"RGB(238,121,66)",UNKNOWN,VIC,None,,
69,C21,,,,,MEC A/ MEC C,"RGB(0,245,255)",UNKNOWN,FAM,None,,
69,C21,,,,,VAN A,"RGB(238,220,130)",UNKNOWN,VIC,None,,
69,C21,,,,,VAN B,"RGB(255,127,0)",UNKNOWN,ROX,None,,
93,D21,,,,,BACILLUS (EC),"RGB(238,18,137)",UNKNOWN,CY5,None,,
93,D21,,,,,CTX,"RGB(51,161,201)",UNKNOWN,VIC,None,,
93,D21,,,,,DFRA,"RGB(238,18,137)",UNKNOWN,ROX,None,,
93,D21,,,,,SUL 1-2,"RGB(238,44,44)",UNKNOWN,FAM,None,,
117,E21,,,,,KPC,"RGB(176,23,31)",UNKNOWN,FAM,None,,
117,E21,,,,,NDM,"RGB(0,139,69)",UNKNOWN,ROX,None,,
117,E21,,,,,RNASE P,"RGB(238,238,0)",UNKNOWN,CY5,None,,
117,E21,,,,,VIM,"RGB(0,0,255)",UNKNOWN,VIC,None,,
141,F21,,,,,IMP,"RGB(139,137,112)",UNKNOWN,FAM,None,,
141,F21,,,,,OXA,"RGB(142,56,142)",UNKNOWN,ROX,None,,
141,F21,,,,,QNR,"RGB(238,121,66)",UNKNOWN,VIC,None,,
165,G21,,,,,MEC A/ MEC C,"RGB(0,245,255)",UNKNOWN,FAM,None,,
165,G21,,,,,VAN A,"RGB(238,220,130)",UNKNOWN,VIC,None,,
165,G21,,,,,VAN B,"RGB(255,127,0)",UNKNOWN,ROX,None,,
189,H21,,,,,BACILLUS (EC),"RGB(238,18,137)",UNKNOWN,CY5,None,,
189,H21,,,,,CTX,"RGB(51,161,201)",UNKNOWN,VIC,None,,
189,H21,,,,,DFRA,"RGB(238,18,137)",UNKNOWN,ROX,None,,
189,H21,,,,,SUL 1-2,"RGB(238,44,44)",UNKNOWN,FAM,None,,
213,I21,,,,,KPC,"RGB(176,23,31)",UNKNOWN,FAM,None,,
213,I21,,,,,NDM,"RGB(0,139,69)",UNKNOWN,ROX,None,,
213,I21,,,,,RNASE P,"RGB(238,238,0)",UNKNOWN,CY5,None,,
213,I21,,,,,VIM,"RGB(0,0,255)",UNKNOWN,VIC,None,,
237,J21,,,,,IMP,"RGB(139,137,112)",UNKNOWN,FAM,None,,
237,J21,,,,,OXA,"RGB(142,56,142)",UNKNOWN,ROX,None,,
237,J21,,,,,QNR,"RGB(238,121,66)",UNKNOWN,VIC,None,,
261,K21,,,,,MEC A/ MEC C,"RGB(0,245,255)",UNKNOWN,FAM,None,,
261,K21,,,,,VAN A,"RGB(238,220,130)",UNKNOWN,VIC,None,,
261,K21,,,,,VAN B,"RGB(255,127,0)",UNKNOWN,ROX,None,,
285,L21,,,,,BACILLUS (EC),"RGB(238,18,137)",UNKNOWN,CY5,None,,
285,L21,,,,,CTX,"RGB(51,161,201)",UNKNOWN,VIC,None,,
285,L21,,,,,DFRA,"RGB(238,18,137)",UNKNOWN,ROX,None,,
285,L21,,,,,SUL 1-2,"RGB(238,44,44)",UNKNOWN,FAM,None,,
309,M21,,,,,KPC,"RGB(176,23,31)",UNKNOWN,FAM,None,,
309,M21,,,,,NDM,"RGB(0,139,69)",UNKNOWN,ROX,None,,
309,M21,,,,,RNASE P,"RGB(238,238,0)",UNKNOWN,CY5,None,,
309,M21,,,,,VIM,"RGB(0,0,255)",UNKNOWN,VIC,None,,
333,N21,,,,,IMP,"RGB(139,137,112)",UNKNOWN,FAM,None,,
333,N21,,,,,OXA,"RGB(142,56,142)",UNKNOWN,ROX,None,,
333,N21,,,,,QNR,"RGB(238,121,66)",UNKNOWN,VIC,None,,
357,O21,,,,,MEC A/ MEC C,"RGB(0,245,255)",UNKNOWN,FAM,None,,
357,O21,,,,,VAN A,"RGB(238,220,130)",UNKNOWN,VIC,None,,
357,O21,,,,,VAN B,"RGB(255,127,0)",UNKNOWN,ROX,None,,
381,P21,,,,,BACILLUS (EC),"RGB(238,18,137)",UNKNOWN,CY5,None,,
381,P21,,,,,CTX,"RGB(51,161,201)",UNKNOWN,VIC,None,,
381,P21,,,,,DFRA,"RGB(238,18,137)",UNKNOWN,ROX,None,,
381,P21,,,,,SUL 1-2,"RGB(238,44,44)",UNKNOWN,FAM,None,,
22,A22,,,,,KPC,"RGB(176,23,31)",UNKNOWN,FAM,None,,
22,A22,,,,,NDM,"RGB(0,139,69)",UNKNOWN,ROX,None,,
22,A22,,,,,RNASE P,"RGB(238,238,0)",UNKNOWN,CY5,None,,
22,A22,,,,,VIM,"RGB(0,0,255)",UNKNOWN,VIC,None,,
46,B22,,,,,IMP,"RGB(139,137,112)",UNKNOWN,FAM,None,,
46,B22,,,,,OXA,"RGB(142,56,142)",UNKNOWN,ROX,None,,
46,B22,,,,,QNR,"RGB(238,121,66)",UNKNOWN,VIC,None,,
70,C22,,,,,MEC A/ MEC C,"RGB(0,245,255)",UNKNOWN,FAM,None,,
70,C22,,,,,VAN A,"RGB(238,220,130)",UNKNOWN,VIC,None,,
70,C22,,,,,VAN B,"RGB(255,127,0)",UNKNOWN,ROX,None,,
94,D22,,,,,BACILLUS (EC),"RGB(238,18,137)",UNKNOWN,CY5,None,,
94,D22,,,,,CTX,"RGB(51,161,201)",UNKNOWN,VIC,None,,
94,D22,,,,,DFRA,"RGB(238,18,137)",UNKNOWN,ROX,None,,
94,D22,,,,,SUL 1-2,"RGB(238,44,44)",UNKNOWN,FAM,None,,
118,E22,,,,,KPC,"RGB(176,23,31)",UNKNOWN,FAM,None,,
118,E22,,,,,NDM,"RGB(0,139,69)",UNKNOWN,ROX,None,,
118,E22,,,,,RNASE P,"RGB(238,238,0)",UNKNOWN,CY5,None,,
118,E22,,,,,VIM,"RGB(0,0,255)",UNKNOWN,VIC,None,,
142,F22,,,,,IMP,"RGB(139,137,112)",UNKNOWN,FAM,None,,
142,F22,,,,,OXA,"RGB(142,56,142)",UNKNOWN,ROX,None,,
142,F22,,,,,QNR,"RGB(238,121,66)",UNKNOWN,VIC,None,,
166,G22,,,,,MEC A/ MEC C,"RGB(0,245,255)",UNKNOWN,FAM,None,,
166,G22,,,,,VAN A,"RGB(238,220,130)",UNKNOWN,VIC,None,,
166,G22,,,,,VAN B,"RGB(255,127,0)",UNKNOWN,ROX,None,,
190,H22,,,,,BACILLUS (EC),"RGB(238,18,137)",UNKNOWN,CY5,None,,
190,H22,,,,,CTX,"RGB(51,161,201)",UNKNOWN,VIC,None,,
190,H22,,,,,DFRA,"RGB(238,18,137)",UNKNOWN,ROX,None,,
190,H22,,,,,SUL 1-2,"RGB(238,44,44)",UNKNOWN,FAM,None,,
214,I22,,,,,KPC,"RGB(176,23,31)",UNKNOWN,FAM,None,,
214,I22,,,,,NDM,"RGB(0,139,69)",UNKNOWN,ROX,None,,
214,I22,,,,,RNASE P,"RGB(238,238,0)",UNKNOWN,CY5,None,,
214,I22,,,,,VIM,"RGB(0,0,255)",UNKNOWN,VIC,None,,
238,J22,,,,,IMP,"RGB(139,137,112)",UNKNOWN,FAM,None,,
238,J22,,,,,OXA,"RGB(142,56,142)",UNKNOWN,ROX,None,,
238,J22,,,,,QNR,"RGB(238,121,66)",UNKNOWN,VIC,None,,
262,K22,,,,,MEC A/ MEC C,"RGB(0,245,255)",UNKNOWN,FAM,None,,
262,K22,,,,,VAN A,"RGB(238,220,130)",UNKNOWN,VIC,None,,
262,K22,,,,,VAN B,"RGB(255,127,0)",UNKNOWN,ROX,None,,
286,L22,,,,,BACILLUS (EC),"RGB(238,18,137)",UNKNOWN,CY5,None,,
286,L22,,,,,CTX,"RGB(51,161,201)",UNKNOWN,VIC,None,,
286,L22,,,,,DFRA,"RGB(238,18,137)",UNKNOWN,ROX,None,,
286,L22,,,,,SUL 1-2,"RGB(238,44,44)",UNKNOWN,FAM,None,,
310,M22,,,,,KPC,"RGB(176,23,31)",UNKNOWN,FAM,None,,
310,M22,,,,,NDM,"RGB(0,139,69)",UNKNOWN,ROX,None,,
310,M22,,,,,RNASE P,"RGB(238,238,0)",UNKNOWN,CY5,None,,
310,M22,,,,,VIM,"RGB(0,0,255)",UNKNOWN,VIC,None,,
334,N22,,,,,IMP,"RGB(139,137,112)",UNKNOWN,FAM,None,,
334,N22,,,,,OXA,"RGB(142,56,142)",UNKNOWN,ROX,None,,
334,N22,,,,,QNR,"RGB(238,121,66)",UNKNOWN,VIC,None,,
358,O22,,,,,MEC A/ MEC C,"RGB(0,245,255)",UNKNOWN,FAM,None,,
358,O22,,,,,VAN A,"RGB(238,220,130)",UNKNOWN,VIC,None,,
358,O22,,,,,VAN B,"RGB(255,127,0)",UNKNOWN,ROX,None,,
382,P22,,,,,BACILLUS (EC),"RGB(238,18,137)",UNKNOWN,CY5,None,,
382,P22,,,,,CTX,"RGB(51,161,201)",UNKNOWN,VIC,None,,
382,P22,,,,,DFRA,"RGB(238,18,137)",UNKNOWN,ROX,None,,
382,P22,,,,,SUL 1-2,"RGB(238,44,44)",UNKNOWN,FAM,None,,
23,A23,,,,,KPC,"RGB(176,23,31)",UNKNOWN,FAM,None,,
23,A23,,,,,NDM,"RGB(0,139,69)",UNKNOWN,ROX,None,,
23,A23,,,,,RNASE P,"RGB(238,238,0)",UNKNOWN,CY5,None,,
23,A23,,,,,VIM,"RGB(0,0,255)",UNKNOWN,VIC,None,,
47,B23,,,,,IMP,"RGB(139,137,112)",UNKNOWN,FAM,None,,
47,B23,,,,,OXA,"RGB(142,56,142)",UNKNOWN,ROX,None,,
47,B23,,,,,QNR,"RGB(238,121,66)",UNKNOWN,VIC,None,,
71,C23,,,,,MEC A/ MEC C,"RGB(0,245,255)",UNKNOWN,FAM,None,,
71,C23,,,,,VAN A,"RGB(238,220,130)",UNKNOWN,VIC,None,,
71,C23,,,,,VAN B,"RGB(255,127,0)",UNKNOWN,ROX,None,,
95,D23,,,,,BACILLUS (EC),"RGB(238,18,137)",UNKNOWN,CY5,None,,
95,D23,,,,,CTX,"RGB(51,161,201)",UNKNOWN,VIC,None,,
95,D23,,,,,DFRA,"RGB(238,18,137)",UNKNOWN,ROX,None,,
95,D23,,,,,SUL 1-2,"RGB(238,44,44)",UNKNOWN,FAM,None,,
119,E23,,,,,KPC,"RGB(176,23,31)",UNKNOWN,FAM,None,,
119,E23,,,,,NDM,"RGB(0,139,69)",UNKNOWN,ROX,None,,
119,E23,,,,,RNASE P,"RGB(238,238,0)",UNKNOWN,CY5,None,,
119,E23,,,,,VIM,"RGB(0,0,255)",UNKNOWN,VIC,None,,
143,F23,,,,,IMP,"RGB(139,137,112)",UNKNOWN,FAM,None,,
143,F23,,,,,OXA,"RGB(142,56,142)",UNKNOWN,ROX,None,,
143,F23,,,,,QNR,"RGB(238,121,66)",UNKNOWN,VIC,None,,
167,G23,,,,,MEC A/ MEC C,"RGB(0,245,255)",UNKNOWN,FAM,None,,
167,G23,,,,,VAN A,"RGB(238,220,130)",UNKNOWN,VIC,None,,
167,G23,,,,,VAN B,"RGB(255,127,0)",UNKNOWN,ROX,None,,
191,H23,,,,,BACILLUS (EC),"RGB(238,18,137)",UNKNOWN,CY5,None,,
191,H23,,,,,CTX,"RGB(51,161,201)",UNKNOWN,VIC,None,,
191,H23,,,,,DFRA,"RGB(238,18,137)",UNKNOWN,ROX,None,,
191,H23,,,,,SUL 1-2,"RGB(238,44,44)",UNKNOWN,FAM,None,,
215,I23,,,,,KPC,"RGB(176,23,31)",UNKNOWN,FAM,None,,
215,I23,,,,,NDM,"RGB(0,139,69)",UNKNOWN,ROX,None,,
215,I23,,,,,RNASE P,"RGB(238,238,0)",UNKNOWN,CY5,None,,
215,I23,,,,,VIM,"RGB(0,0,255)",UNKNOWN,VIC,None,,
239,J23,,,,,IMP,"RGB(139,137,112)",UNKNOWN,FAM,None,,
239,J23,,,,,OXA,"RGB(142,56,142)",UNKNOWN,ROX,None,,
239,J23,,,,,QNR,"RGB(238,121,66)",UNKNOWN,VIC,None,,
263,K23,,,,,MEC A/ MEC C,"RGB(0,245,255)",UNKNOWN,FAM,None,,
263,K23,,,,,VAN A,"RGB(238,220,130)",UNKNOWN,VIC,None,,
263,K23,,,,,VAN B,"RGB(255,127,0)",UNKNOWN,ROX,None,,
287,L23,,,,,BACILLUS (EC),"RGB(238,18,137)",UNKNOWN,CY5,None,,
287,L23,,,,,CTX,"RGB(51,161,201)",UNKNOWN,VIC,None,,
287,L23,,,,,DFRA,"RGB(238,18,137)",UNKNOWN,ROX,None,,
287,L23,,,,,SUL 1-2,"RGB(238,44,44)",UNKNOWN,FAM,None,,
311,M23,NC,"RGB(0,0,255)",,,KPC,"RGB(176,23,31)",UNKNOWN,FAM,None,,
311,M23,NC,"RGB(0,0,255)",,,NDM,"RGB(0,139,69)",UNKNOWN,ROX,None,,
311,M23,NC,"RGB(0,0,255)",,,RNASE P,"RGB(238,238,0)",UNKNOWN,CY5,None,,
311,M23,NC,"RGB(0,0,255)",,,VIM,"RGB(0,0,255)",UNKNOWN,VIC,None,,
335,N23,NC,"RGB(0,0,255)",,,IMP,"RGB(139,137,112)",UNKNOWN,FAM,None,,
335,N23,NC,"RGB(0,0,255)",,,OXA,"RGB(142,56,142)",UNKNOWN,ROX,None,,
335,N23,NC,"RGB(0,0,255)",,,QNR,"RGB(238,121,66)",UNKNOWN,VIC,None,,
359,O23,NC,"RGB(0,0,255)",,,MEC A/ MEC C,"RGB(0,245,255)",UNKNOWN,FAM,None,,
359,O23,NC,"RGB(0,0,255)",,,VAN A,"RGB(238,220,130)",UNKNOWN,VIC,None,,
359,O23,NC,"RGB(0,0,255)",,,VAN B,"RGB(255,127,0)",UNKNOWN,ROX,None,,
383,P23,NC,"RGB(0,0,255)",,,BACILLUS (EC),"RGB(238,18,137)",UNKNOWN,CY5,None,,
383,P23,NC,"RGB(0,0,255)",,,CTX,"RGB(51,161,201)",UNKNOWN,VIC,None,,
383,P23,NC,"RGB(0,0,255)",,,DFRA,"RGB(238,18,137)",UNKNOWN,ROX,None,,
383,P23,NC,"RGB(0,0,255)",,,SUL 1-2,"RGB(238,44,44)",UNKNOWN,FAM,None,,
24,A24,,,,,KPC,"RGB(176,23,31)",UNKNOWN,FAM,None,,
24,A24,,,,,NDM,"RGB(0,139,69)",UNKNOWN,ROX,None,,
24,A24,,,,,RNASE P,"RGB(238,238,0)",UNKNOWN,CY5,None,,
24,A24,,,,,VIM,"RGB(0,0,255)",UNKNOWN,VIC,None,,
48,B24,,,,,IMP,"RGB(139,137,112)",UNKNOWN,FAM,None,,
48,B24,,,,,OXA,"RGB(142,56,142)",UNKNOWN,ROX,None,,
48,B24,,,,,QNR,"RGB(238,121,66)",UNKNOWN,VIC,None,,
72,C24,,,,,MEC A/ MEC C,"RGB(0,245,255)",UNKNOWN,FAM,None,,
72,C24,,,,,VAN A,"RGB(238,220,130)",UNKNOWN,VIC,None,,
72,C24,,,,,VAN B,"RGB(255,127,0)",UNKNOWN,ROX,None,,
96,D24,,,,,BACILLUS (EC),"RGB(238,18,137)",UNKNOWN,CY5,None,,
96,D24,,,,,CTX,"RGB(51,161,201)",UNKNOWN,VIC,None,,
96,D24,,,,,DFRA,"RGB(238,18,137)",UNKNOWN,ROX,None,,
96,D24,,,,,SUL 1-2,"RGB(238,44,44)",UNKNOWN,FAM,None,,
120,E24,,,,,KPC,"RGB(176,23,31)",UNKNOWN,FAM,None,,
120,E24,,,,,NDM,"RGB(0,139,69)",UNKNOWN,ROX,None,,
120,E24,,,,,RNASE P,"RGB(238,238,0)",UNKNOWN,CY5,None,,
120,E24,,,,,VIM,"RGB(0,0,255)",UNKNOWN,VIC,None,,
144,F24,,,,,IMP,"RGB(139,137,112)",UNKNOWN,FAM,None,,
144,F24,,,,,OXA,"RGB(142,56,142)",UNKNOWN,ROX,None,,
144,F24,,,,,QNR,"RGB(238,121,66)",UNKNOWN,VIC,None,,
168,G24,,,,,MEC A/ MEC C,"RGB(0,245,255)",UNKNOWN,FAM,None,,
168,G24,,,,,VAN A,"RGB(238,220,130)",UNKNOWN,VIC,None,,
168,G24,,,,,VAN B,"RGB(255,127,0)",UNKNOWN,ROX,None,,
192,H24,,,,,BACILLUS (EC),"RGB(238,18,137)",UNKNOWN,CY5,None,,
192,H24,,,,,CTX,"RGB(51,161,201)",UNKNOWN,VIC,None,,
192,H24,,,,,DFRA,"RGB(238,18,137)",UNKNOWN,ROX,None,,
192,H24,,,,,SUL 1-2,"RGB(238,44,44)",UNKNOWN,FAM,None,,
216,I24,,,,,KPC,"RGB(176,23,31)",UNKNOWN,FAM,None,,
216,I24,,,,,NDM,"RGB(0,139,69)",UNKNOWN,ROX,None,,
216,I24,,,,,RNASE P,"RGB(238,238,0)",UNKNOWN,CY5,None,,
216,I24,,,,,VIM,"RGB(0,0,255)",UNKNOWN,VIC,None,,
240,J24,,,,,IMP,"RGB(139,137,112)",UNKNOWN,FAM,None,,
240,J24,,,,,OXA,"RGB(142,56,142)",UNKNOWN,ROX,None,,
240,J24,,,,,QNR,"RGB(238,121,66)",UNKNOWN,VIC,None,,
264,K24,,,,,MEC A/ MEC C,"RGB(0,245,255)",UNKNOWN,FAM,None,,
264,K24,,,,,VAN A,"RGB(238,220,130)",UNKNOWN,VIC,None,,
264,K24,,,,,VAN B,"RGB(255,127,0)",UNKNOWN,ROX,None,,
288,L24,,,,,BACILLUS (EC),"RGB(238,18,137)",UNKNOWN,CY5,None,,
288,L24,,,,,CTX,"RGB(51,161,201)",UNKNOWN,VIC,None,,
288,L24,,,,,DFRA,"RGB(238,18,137)",UNKNOWN,ROX,None,,
288,L24,,,,,SUL 1-2,"RGB(238,44,44)",UNKNOWN,FAM,None,,
312,M24,PC,"RGB(176,23,31)",,,KPC,"RGB(176,23,31)",UNKNOWN,FAM,None,,
312,M24,PC,"RGB(176,23,31)",,,NDM,"RGB(0,139,69)",UNKNOWN,ROX,None,,
312,M24,PC,"RGB(176,23,31)",,,RNASE P,"RGB(238,238,0)",UNKNOWN,CY5,None,,
312,M24,PC,"RGB(176,23,31)",,,VIM,"RGB(0,0,255)",UNKNOWN,VIC,None,,
336,N24,PC,"RGB(176,23,31)",,,IMP,"RGB(139,137,112)",UNKNOWN,FAM,None,,
336,N24,PC,"RGB(176,23,31)",,,OXA,"RGB(142,56,142)",UNKNOWN,ROX,None,,
336,N24,PC,"RGB(176,23,31)",,,QNR,"RGB(238,121,66)",UNKNOWN,VIC,None,,
360,O24,PC,"RGB(176,23,31)",,,MEC A/ MEC C,"RGB(0,245,255)",UNKNOWN,FAM,None,,
360,O24,PC,"RGB(176,23,31)",,,VAN A,"RGB(238,220,130)",UNKNOWN,VIC,None,,
360,O24,PC,"RGB(176,23,31)",,,VAN B,"RGB(255,127,0)",UNKNOWN,ROX,None,,
384,P24,PC,"RGB(176,23,31)",,,BACILLUS (EC),"RGB(238,18,137)",UNKNOWN,CY5,None,,
384,P24,PC,"RGB(176,23,31)",,,CTX,"RGB(51,161,201)",UNKNOWN,VIC,None,,
384,P24,PC,"RGB(176,23,31)",,,DFRA,"RGB(238,18,137)",UNKNOWN,ROX,None,,
384,P24,PC,"RGB(176,23,31)",,,SUL 1-2,"RGB(238,44,44)",UNKNOWN,FAM,None,,
